GRID_TYPE,GAME_ID,GAME_EVENT_ID,PLAYER_ID,PLAYER_NAME,TEAM_ID,TEAM_NAME,PERIOD,MINUTES_REMAINING,SECONDS_REMAINING,EVENT_TYPE,ACTION_TYPE,SHOT_TYPE,SHOT_ZONE_BASIC,SHOT_ZONE_AREA,SHOT_ZONE_RANGE,SHOT_DISTANCE,LOC_X,LOC_Y,SHOT_ATTEMPTED_FLAG,SHOT_MADE_FLAG,GAME_DATE,HTM,VTM
Shot Chart Detail,0022400009,7,1630169,Tyrese Haliburton,1610612754,Indiana Pacers,1,11,31,Missed Shot,Jump Shot,3PT Field Goal,Above the Break 3,Right Side Center(RC),24+ ft.,27,228,154,1,0,20241115,IND,MIA
Shot Chart Detail,0022400009,15,1630169,Tyrese Haliburton,1610612754,Indiana Pacers,1,10,34,Missed Shot,Step Back Jump shot,3PT Field Goal,Above the Break 3,Center(C),24+ ft.,27,62,264,1,0,20241115,IND,MIA
Shot Chart Detail,0022400009,19,1630169,Tyrese Haliburton,1610612754,Indiana Pacers,1,9,55,Missed Shot,Pullup Jump shot,2PT Field Goal,Mid-Range,Left Side Center(LC),16-24 ft.,19,-76,179,1,0,20241115,IND,MIA
Shot Chart Detail,0022400009,35,1630169,Tyrese Haliburton,1610612754,Indiana Pacers,1,8,33,Made Shot,Jump Shot,3PT Field Goal,Above the Break 3,Left Side Center(LC),24+ ft.,28,-190,217,1,1,20241115,IND,MIA
Shot Chart Detail,0022400009,55,1630169,Tyrese Haliburton,1610612754,Indiana Pacers,1,7,3,Missed Shot,Pullup Jump shot,2PT Field Goal,In The Paint (Non-RA),Center(C),8-16 ft.,11,44,101,1,0,20241115,IND,MIA
Shot Chart Detail,0022400009,73,1630169,Tyrese Haliburton,1610612754,Indiana Pacers,1,6,14,Made Shot,Pullup Jump shot,2PT Field Goal,Mid-Range,Right Side Center(RC),16-24 ft.,20,115,174,1,1,20241115,IND,MIA
Shot Chart Detail,0022400009,93,1630169,Tyrese Haliburton,1610612754,Indiana Pacers,1,4,40,Made Shot,Pullup Jump shot,3PT Field Goal,Above the Break 3,Center(C),24+ ft.,25,50,247,1,1,20241115,IND,MIA
Shot Chart Detail,0022400009,221,1630169,Tyrese Haliburton,1610612754,Indiana Pacers,2,7,20,Made Shot,Jump Shot,3PT Field Goal,Above the Break 3,Left Side Center(LC),24+ ft.,27,-138,236,1,1,20241115,IND,MIA
Shot Chart Detail,0022400009,281,1630169,Tyrese Haliburton,1610612754,Indiana Pacers,2,2,26,Made Shot,Jump Shot,3PT Field Goal,Above the Break 3,Right Side Center(RC),24+ ft.,27,129,241,1,1,20241115,IND,MIA
Shot Chart Detail,0022400009,286,1630169,Tyrese Haliburton,1610612754,Indiana Pacers,2,1,42,Missed Shot,Pullup Jump shot,3PT Field Goal,Above the Break 3,Right Side Center(RC),24+ ft.,28,151,239,1,0,20241115,IND,MIA
Shot Chart Detail,0022400009,297,1630169,Tyrese Haliburton,1610612754,Indiana Pacers,2,0,54,Missed Shot,Step Back Jump shot,3PT Field Goal,Above the Break 3,Left Side Center(LC),24+ ft.,26,-118,232,1,0,20241115,IND,MIA
Shot Chart Detail,0022400009,306,1630169,Tyrese Haliburton,1610612754,Indiana Pacers,2,0,0,Made Shot,Running Layup Shot,2PT Field Goal,Restricted Area,Center(C),Less Than 8 ft.,2,25,10,1,1,20241115,IND,MIA
Shot Chart Detail,0022400009,335,1630169,Tyrese Haliburton,1610612754,Indiana Pacers,3,9,22,Made Shot,Driving Floating Jump Shot,2PT Field Goal,In The Paint (Non-RA),Center(C),8-16 ft.,9,2,95,1,1,20241115,IND,MIA
Shot Chart Detail,0022400009,499,1630169,Tyrese Haliburton,1610612754,Indiana Pacers,4,10,17,Missed Shot,Pullup Jump shot,3PT Field Goal,Above the Break 3,Right Side Center(RC),24+ ft.,27,107,252,1,0,20241115,IND,MIA
Shot Chart Detail,0022400029,108,1630169,Tyrese Haliburton,1610612754,Indiana Pacers,1,3,48,Made Shot,Driving Floating Jump Shot,2PT Field Goal,In The Paint (Non-RA),Center(C),8-16 ft.,12,28,125,1,1,20241122,MIL,IND
Shot Chart Detail,0022400029,112,1630169,Tyrese Haliburton,1610612754,Indiana Pacers,1,3,21,Missed Shot,Pullup Jump shot,3PT Field Goal,Above the Break 3,Right Side Center(RC),24+ ft.,30,195,231,1,0,20241122,MIL,IND
Shot Chart Detail,0022400029,131,1630169,Tyrese Haliburton,1610612754,Indiana Pacers,1,2,31,Missed Shot,Step Back Jump shot,3PT Field Goal,Above the Break 3,Center(C),24+ ft.,27,12,273,1,0,20241122,MIL,IND
Shot Chart Detail,0022400029,140,1630169,Tyrese Haliburton,1610612754,Indiana Pacers,1,1,31,Made Shot,Driving Layup Shot,2PT Field Goal,Restricted Area,Center(C),Less Than 8 ft.,1,0,10,1,1,20241122,MIL,IND
Shot Chart Detail,0022400029,271,1630169,Tyrese Haliburton,1610612754,Indiana Pacers,2,2,54,Missed Shot,Pullup Jump shot,2PT Field Goal,Mid-Range,Right Side Center(RC),16-24 ft.,20,98,184,1,0,20241122,MIL,IND
Shot Chart Detail,0022400029,288,1630169,Tyrese Haliburton,1610612754,Indiana Pacers,2,1,58,Missed Shot,Step Back Jump shot,3PT Field Goal,Above the Break 3,Center(C),24+ ft.,30,67,294,1,0,20241122,MIL,IND
Shot Chart Detail,0022400029,299,1630169,Tyrese Haliburton,1610612754,Indiana Pacers,2,0,53,Missed Shot,Pullup Jump shot,3PT Field Goal,Above the Break 3,Center(C),24+ ft.,28,55,277,1,0,20241122,MIL,IND
Shot Chart Detail,0022400029,353,1630169,Tyrese Haliburton,1610612754,Indiana Pacers,3,10,12,Missed Shot,Driving Floating Jump Shot,2PT Field Goal,Restricted Area,Center(C),Less Than 8 ft.,2,18,23,1,0,20241122,MIL,IND
Shot Chart Detail,0022400029,426,1630169,Tyrese Haliburton,1610612754,Indiana Pacers,3,4,46,Made Shot,Pullup Jump shot,3PT Field Goal,Above the Break 3,Right Side Center(RC),24+ ft.,26,152,218,1,1,20241122,MIL,IND
Shot Chart Detail,0022400029,439,1630169,Tyrese Haliburton,1610612754,Indiana Pacers,3,3,33,Missed Shot,Running Jump Shot,3PT Field Goal,Above the Break 3,Left Side Center(LC),24+ ft.,25,-234,107,1,0,20241122,MIL,IND
Shot Chart Detail,0022400029,485,1630169,Tyrese Haliburton,1610612754,Indiana Pacers,3,0,16,Made Shot,Jump Shot,3PT Field Goal,Above the Break 3,Right Side Center(RC),24+ ft.,27,145,233,1,1,20241122,MIL,IND
Shot Chart Detail,0022400029,582,1630169,Tyrese Haliburton,1610612754,Indiana Pacers,4,6,26,Made Shot,Step Back Jump shot,3PT Field Goal,Above the Break 3,Right Side Center(RC),24+ ft.,25,140,215,1,1,20241122,MIL,IND
Shot Chart Detail,0022400029,633,1630169,Tyrese Haliburton,1610612754,Indiana Pacers,4,2,10,Made Shot,Step Back Jump shot,3PT Field Goal,Above the Break 3,Left Side Center(LC),24+ ft.,27,-175,212,1,1,20241122,MIL,IND
Shot Chart Detail,0022400029,637,1630169,Tyrese Haliburton,1610612754,Indiana Pacers,4,1,40,Missed Shot,Step Back Jump shot,3PT Field Goal,Above the Break 3,Right Side Center(RC),24+ ft.,25,121,222,1,0,20241122,MIL,IND
Shot Chart Detail,0022400045,29,1630169,Tyrese Haliburton,1610612754,Indiana Pacers,1,9,48,Made Shot,Pullup Jump shot,3PT Field Goal,Above the Break 3,Center(C),24+ ft.,28,0,286,1,1,20241129,IND,DET
Shot Chart Detail,0022400045,35,1630169,Tyrese Haliburton,1610612754,Indiana Pacers,1,8,57,Made Shot,Driving Floating Bank Jump Shot,2PT Field Goal,In The Paint (Non-RA),Center(C),Less Than 8 ft.,4,40,29,1,1,20241129,IND,DET
Shot Chart Detail,0022400045,74,1630169,Tyrese Haliburton,1610612754,Indiana Pacers,1,5,45,Missed Shot,Running Pull-Up Jump Shot,3PT Field Goal,Above the Break 3,Right Side Center(RC),24+ ft.,28,142,248,1,0,20241129,IND,DET
Shot Chart Detail,0022400045,258,1630169,Tyrese Haliburton,1610612754,Indiana Pacers,2,5,15,Missed Shot,Pullup Jump shot,3PT Field Goal,Above the Break 3,Right Side Center(RC),24+ ft.,29,135,259,1,0,20241129,IND,DET
Shot Chart Detail,0022400045,271,1630169,Tyrese Haliburton,1610612754,Indiana Pacers,2,3,48,Made Shot,Step Back Jump shot,3PT Field Goal,Above the Break 3,Left Side Center(LC),24+ ft.,28,-191,207,1,1,20241129,IND,DET
Shot Chart Detail,0022400045,311,1630169,Tyrese Haliburton,1610612754,Indiana Pacers,2,0,56,Made Shot,Driving Layup Shot,2PT Field Goal,Restricted Area,Center(C),Less Than 8 ft.,3,31,16,1,1,20241129,IND,DET
Shot Chart Detail,0022400045,342,1630169,Tyrese Haliburton,1610612754,Indiana Pacers,3,9,42,Missed Shot,Running Pull-Up Jump Shot,3PT Field Goal,Above the Break 3,Center(C),24+ ft.,26,53,255,1,0,20241129,IND,DET
Shot Chart Detail,0022400045,359,1630169,Tyrese Haliburton,1610612754,Indiana Pacers,3,7,36,Made Shot,Driving Finger Roll Layup Shot,2PT Field Goal,In The Paint (Non-RA),Center(C),Less Than 8 ft.,5,47,30,1,1,20241129,IND,DET
Shot Chart Detail,0022400045,387,1630169,Tyrese Haliburton,1610612754,Indiana Pacers,3,5,59,Missed Shot,Step Back Jump shot,3PT Field Goal,Above the Break 3,Center(C),24+ ft.,29,74,285,1,0,20241129,IND,DET
Shot Chart Detail,0022400045,393,1630169,Tyrese Haliburton,1610612754,Indiana Pacers,3,5,28,Missed Shot,Jump Shot,3PT Field Goal,Above the Break 3,Left Side Center(LC),24+ ft.,24,-141,203,1,0,20241129,IND,DET
Shot Chart Detail,0022400045,416,1630169,Tyrese Haliburton,1610612754,Indiana Pacers,3,4,3,Made Shot,Jump Shot,3PT Field Goal,Left Corner 3,Left Side(L),24+ ft.,22,-227,3,1,1,20241129,IND,DET
Shot Chart Detail,0022400045,420,1630169,Tyrese Haliburton,1610612754,Indiana Pacers,3,3,43,Made Shot,Driving Floating Jump Shot,2PT Field Goal,In The Paint (Non-RA),Center(C),Less Than 8 ft.,7,36,62,1,1,20241129,IND,DET
Shot Chart Detail,0022400045,423,1630169,Tyrese Haliburton,1610612754,Indiana Pacers,3,3,11,Made Shot,Driving Floating Jump Shot,2PT Field Goal,In The Paint (Non-RA),Right Side(R),8-16 ft.,8,72,48,1,1,20241129,IND,DET
Shot Chart Detail,0022400054,36,1630169,Tyrese Haliburton,1610612754,Indiana Pacers,1,9,34,Made Shot,Pullup Jump shot,3PT Field Goal,Above the Break 3,Left Side Center(LC),24+ ft.,26,-161,209,1,1,20241203,TOR,IND
Shot Chart Detail,0022400054,52,1630169,Tyrese Haliburton,1610612754,Indiana Pacers,1,7,56,Made Shot,Driving Floating Jump Shot,2PT Field Goal,In The Paint (Non-RA),Center(C),8-16 ft.,8,-42,76,1,1,20241203,TOR,IND
Shot Chart Detail,0022400054,126,1630169,Tyrese Haliburton,1610612754,Indiana Pacers,1,2,8,Made Shot,Pullup Jump shot,3PT Field Goal,Above the Break 3,Center(C),24+ ft.,26,62,256,1,1,20241203,TOR,IND
Shot Chart Detail,0022400054,279,1630169,Tyrese Haliburton,1610612754,Indiana Pacers,2,3,46,Made Shot,Driving Floating Jump Shot,2PT Field Goal,In The Paint (Non-RA),Left Side(L),8-16 ft.,10,-58,84,1,1,20241203,TOR,IND
Shot Chart Detail,0022400054,372,1630169,Tyrese Haliburton,1610612754,Indiana Pacers,3,9,53,Made Shot,Pullup Jump shot,2PT Field Goal,Mid-Range,Right Side Center(RC),16-24 ft.,18,135,127,1,1,20241203,TOR,IND
Shot Chart Detail,0022400054,384,1630169,Tyrese Haliburton,1610612754,Indiana Pacers,3,9,0,Missed Shot,Step Back Jump shot,3PT Field Goal,Above the Break 3,Center(C),24+ ft.,25,-71,246,1,0,20241203,TOR,IND
Shot Chart Detail,0022400054,402,1630169,Tyrese Haliburton,1610612754,Indiana Pacers,3,7,15,Made Shot,Driving Layup Shot,2PT Field Goal,Restricted Area,Center(C),Less Than 8 ft.,0,-5,-6,1,1,20241203,TOR,IND
Shot Chart Detail,0022400054,422,1630169,Tyrese Haliburton,1610612754,Indiana Pacers,3,5,47,Made Shot,Driving Layup Shot,2PT Field Goal,Restricted Area,Center(C),Less Than 8 ft.,0,-4,-8,1,1,20241203,TOR,IND
Shot Chart Detail,0022400054,452,1630169,Tyrese Haliburton,1610612754,Indiana Pacers,3,3,44,Missed Shot,Running Pull-Up Jump Shot,3PT Field Goal,Above the Break 3,Left Side Center(LC),24+ ft.,25,-189,169,1,0,20241203,TOR,IND
Shot Chart Detail,0022400054,468,1630169,Tyrese Haliburton,1610612754,Indiana Pacers,3,3,2,Made Shot,Jump Shot,3PT Field Goal,Above the Break 3,Right Side Center(RC),24+ ft.,25,98,231,1,1,20241203,TOR,IND
Shot Chart Detail,0022400054,474,1630169,Tyrese Haliburton,1610612754,Indiana Pacers,3,2,34,Made Shot,Pullup Jump shot,3PT Field Goal,Above the Break 3,Right Side Center(RC),24+ ft.,25,158,204,1,1,20241203,TOR,IND
Shot Chart Detail,0022400054,552,1630169,Tyrese Haliburton,1610612754,Indiana Pacers,4,9,50,Made Shot,Driving Layup Shot,2PT Field Goal,Restricted Area,Center(C),Less Than 8 ft.,0,7,5,1,1,20241203,TOR,IND
Shot Chart Detail,0022400054,569,1630169,Tyrese Haliburton,1610612754,Indiana Pacers,4,8,22,Missed Shot,Step Back Jump shot,3PT Field Goal,Above the Break 3,Center(C),24+ ft.,24,-49,245,1,0,20241203,TOR,IND
Shot Chart Detail,0022400054,592,1630169,Tyrese Haliburton,1610612754,Indiana Pacers,4,7,0,Missed Shot,Running Layup Shot,2PT Field Goal,Restricted Area,Center(C),Less Than 8 ft.,3,34,8,1,0,20241203,TOR,IND
Shot Chart Detail,0022400054,605,1630169,Tyrese Haliburton,1610612754,Indiana Pacers,4,6,7,Missed Shot,Jump Shot,3PT Field Goal,Above the Break 3,Right Side Center(RC),24+ ft.,25,163,197,1,0,20241203,TOR,IND
Shot Chart Detail,0022400054,685,1630169,Tyrese Haliburton,1610612754,Indiana Pacers,4,1,14,Missed Shot,Jump Shot,3PT Field Goal,Right Corner 3,Right Side(R),24+ ft.,23,235,16,1,0,20241203,TOR,IND
Shot Chart Detail,0022400063,9,1630169,Tyrese Haliburton,1610612754,Indiana Pacers,1,11,18,Missed Shot,Jump Shot,3PT Field Goal,Above the Break 3,Left Side Center(LC),24+ ft.,26,-114,243,1,0,20241023,DET,IND
Shot Chart Detail,0022400063,58,1630169,Tyrese Haliburton,1610612754,Indiana Pacers,1,7,25,Missed Shot,Driving Layup Shot,2PT Field Goal,In The Paint (Non-RA),Center(C),Less Than 8 ft.,7,49,59,1,0,20241023,DET,IND
Shot Chart Detail,0022400063,130,1630169,Tyrese Haliburton,1610612754,Indiana Pacers,1,3,7,Missed Shot,Floating Jump shot,2PT Field Goal,In The Paint (Non-RA),Center(C),Less Than 8 ft.,5,20,53,1,0,20241023,DET,IND
Shot Chart Detail,0022400063,265,1630169,Tyrese Haliburton,1610612754,Indiana Pacers,2,7,14,Missed Shot,Jump Shot,3PT Field Goal,Right Corner 3,Right Side(R),24+ ft.,24,227,80,1,0,20241023,DET,IND
Shot Chart Detail,0022400063,274,1630169,Tyrese Haliburton,1610612754,Indiana Pacers,2,6,38,Missed Shot,Jump Shot,3PT Field Goal,Above the Break 3,Right Side Center(RC),24+ ft.,25,157,202,1,0,20241023,DET,IND
Shot Chart Detail,0022400063,276,1630169,Tyrese Haliburton,1610612754,Indiana Pacers,2,6,32,Missed Shot,Jump Shot,3PT Field Goal,Above the Break 3,Right Side Center(RC),24+ ft.,25,113,233,1,0,20241023,DET,IND
Shot Chart Detail,0022400063,282,1630169,Tyrese Haliburton,1610612754,Indiana Pacers,2,6,19,Made Shot,Fadeaway Jump Shot,2PT Field Goal,Mid-Range,Right Side(R),8-16 ft.,12,123,41,1,1,20241023,DET,IND
Shot Chart Detail,0022400063,287,1630169,Tyrese Haliburton,1610612754,Indiana Pacers,2,5,48,Missed Shot,Driving Layup Shot,2PT Field Goal,In The Paint (Non-RA),Center(C),Less Than 8 ft.,6,58,31,1,0,20241023,DET,IND
Shot Chart Detail,0022400063,334,1630169,Tyrese Haliburton,1610612754,Indiana Pacers,2,2,21,Made Shot,Driving Layup Shot,2PT Field Goal,In The Paint (Non-RA),Center(C),Less Than 8 ft.,5,0,55,1,1,20241023,DET,IND
Shot Chart Detail,0022400063,337,1630169,Tyrese Haliburton,1610612754,Indiana Pacers,2,1,45,Missed Shot,Jump Shot,3PT Field Goal,Above the Break 3,Right Side Center(RC),24+ ft.,25,216,128,1,0,20241023,DET,IND
Shot Chart Detail,0022400063,437,1630169,Tyrese Haliburton,1610612754,Indiana Pacers,3,5,4,Made Shot,Driving Dunk Shot,2PT Field Goal,Restricted Area,Center(C),Less Than 8 ft.,1,0,14,1,1,20241023,DET,IND
Shot Chart Detail,0022400063,472,1630169,Tyrese Haliburton,1610612754,Indiana Pacers,3,3,39,Made Shot,Pullup Jump shot,2PT Field Goal,Mid-Range,Right Side Center(RC),16-24 ft.,18,118,143,1,1,20241023,DET,IND
Shot Chart Detail,0022400063,477,1630169,Tyrese Haliburton,1610612754,Indiana Pacers,3,3,11,Missed Shot,Jump Shot,3PT Field Goal,Above the Break 3,Right Side Center(RC),24+ ft.,25,131,221,1,0,20241023,DET,IND
Shot Chart Detail,0022400063,602,1630169,Tyrese Haliburton,1610612754,Indiana Pacers,4,8,4,Made Shot,Driving Finger Roll Layup Shot,2PT Field Goal,Restricted Area,Center(C),Less Than 8 ft.,2,-6,29,1,1,20241023,DET,IND
Shot Chart Detail,0022400063,608,1630169,Tyrese Haliburton,1610612754,Indiana Pacers,4,7,32,Missed Shot,Jump Shot,3PT Field Goal,Above the Break 3,Left Side Center(LC),24+ ft.,24,-158,193,1,0,20241023,DET,IND
Shot Chart Detail,0022400063,637,1630169,Tyrese Haliburton,1610612754,Indiana Pacers,4,4,58,Missed Shot,Step Back Jump shot,3PT Field Goal,Above the Break 3,Left Side Center(LC),24+ ft.,24,-202,135,1,0,20241023,DET,IND
Shot Chart Detail,0022400063,669,1630169,Tyrese Haliburton,1610612754,Indiana Pacers,4,1,53,Missed Shot,Turnaround Jump Shot,2PT Field Goal,Mid-Range,Left Side Center(LC),16-24 ft.,19,-146,134,1,0,20241023,DET,IND
Shot Chart Detail,0022400063,696,1630169,Tyrese Haliburton,1610612754,Indiana Pacers,4,0,20,Made Shot,Jump Shot,3PT Field Goal,Above the Break 3,Right Side Center(RC),24+ ft.,25,172,187,1,1,20241023,DET,IND
Shot Chart Detail,0022400081,18,1630169,Tyrese Haliburton,1610612754,Indiana Pacers,1,10,44,Missed Shot,Driving Floating Jump Shot,2PT Field Goal,In The Paint (Non-RA),Center(C),Less Than 8 ft.,5,43,29,1,0,20241025,NYK,IND
Shot Chart Detail,0022400081,75,1630169,Tyrese Haliburton,1610612754,Indiana Pacers,1,4,46,Missed Shot,Pullup Jump shot,3PT Field Goal,Above the Break 3,Right Side Center(RC),24+ ft.,25,162,194,1,0,20241025,NYK,IND
Shot Chart Detail,0022400081,217,1630169,Tyrese Haliburton,1610612754,Indiana Pacers,2,7,5,Missed Shot,Pullup Jump shot,3PT Field Goal,Above the Break 3,Right Side Center(RC),24+ ft.,28,114,264,1,0,20241025,NYK,IND
Shot Chart Detail,0022400081,232,1630169,Tyrese Haliburton,1610612754,Indiana Pacers,2,6,0,Missed Shot,Pullup Jump shot,3PT Field Goal,Above the Break 3,Left Side Center(LC),24+ ft.,25,-216,127,1,0,20241025,NYK,IND
Shot Chart Detail,0022400081,290,1630169,Tyrese Haliburton,1610612754,Indiana Pacers,2,0,47,Missed Shot,Jump Shot,3PT Field Goal,Left Corner 3,Left Side(L),24+ ft.,22,-222,-18,1,0,20241025,NYK,IND
Shot Chart Detail,0022400081,298,1630169,Tyrese Haliburton,1610612754,Indiana Pacers,2,0,1,Missed Shot,Pullup Jump shot,3PT Field Goal,Backcourt,Back Court(BC),Back Court Shot,44,134,428,1,0,20241025,NYK,IND
Shot Chart Detail,0022400081,331,1630169,Tyrese Haliburton,1610612754,Indiana Pacers,3,9,9,Missed Shot,Jump Shot,3PT Field Goal,Above the Break 3,Right Side Center(RC),24+ ft.,25,205,151,1,0,20241025,NYK,IND
Shot Chart Detail,0022400081,340,1630169,Tyrese Haliburton,1610612754,Indiana Pacers,3,8,31,Missed Shot,Step Back Jump shot,3PT Field Goal,Above the Break 3,Center(C),24+ ft.,25,4,254,1,0,20241025,NYK,IND
Shot Chart Detail,0022400097,7,1630169,Tyrese Haliburton,1610612754,Indiana Pacers,1,11,43,Made Shot,Driving Finger Roll Layup Shot,2PT Field Goal,In The Paint (Non-RA),Center(C),Less Than 8 ft.,4,-12,47,1,1,20241027,IND,PHI
Shot Chart Detail,0022400097,21,1630169,Tyrese Haliburton,1610612754,Indiana Pacers,1,10,6,Made Shot,Driving Layup Shot,2PT Field Goal,In The Paint (Non-RA),Center(C),Less Than 8 ft.,4,21,44,1,1,20241027,IND,PHI
Shot Chart Detail,0022400097,24,1630169,Tyrese Haliburton,1610612754,Indiana Pacers,1,9,43,Missed Shot,Finger Roll Layup Shot,2PT Field Goal,In The Paint (Non-RA),Center(C),Less Than 8 ft.,7,-50,53,1,0,20241027,IND,PHI
Shot Chart Detail,0022400097,30,1630169,Tyrese Haliburton,1610612754,Indiana Pacers,1,9,42,Missed Shot,Jump Shot,3PT Field Goal,Above the Break 3,Left Side Center(LC),24+ ft.,25,-197,163,1,0,20241027,IND,PHI
Shot Chart Detail,0022400097,268,1630169,Tyrese Haliburton,1610612754,Indiana Pacers,2,7,2,Made Shot,Driving Layup Shot,2PT Field Goal,Restricted Area,Center(C),Less Than 8 ft.,1,17,5,1,1,20241027,IND,PHI
Shot Chart Detail,0022400097,332,1630169,Tyrese Haliburton,1610612754,Indiana Pacers,2,2,2,Made Shot,Driving Floating Jump Shot,2PT Field Goal,In The Paint (Non-RA),Left Side(L),8-16 ft.,8,-58,65,1,1,20241027,IND,PHI
Shot Chart Detail,0022400097,359,1630169,Tyrese Haliburton,1610612754,Indiana Pacers,2,0,4,Missed Shot,Turnaround Jump Shot,2PT Field Goal,Mid-Range,Left Side Center(LC),16-24 ft.,18,-127,138,1,0,20241027,IND,PHI
Shot Chart Detail,0022400097,373,1630169,Tyrese Haliburton,1610612754,Indiana Pacers,3,11,26,Made Shot,Pullup Jump shot,3PT Field Goal,Above the Break 3,Right Side Center(RC),24+ ft.,25,237,94,1,1,20241027,IND,PHI
Shot Chart Detail,0022400097,419,1630169,Tyrese Haliburton,1610612754,Indiana Pacers,3,8,4,Missed Shot,Running Jump Shot,3PT Field Goal,Right Corner 3,Right Side(R),24+ ft.,23,232,22,1,0,20241027,IND,PHI
Shot Chart Detail,0022400097,425,1630169,Tyrese Haliburton,1610612754,Indiana Pacers,3,7,30,Made Shot,Running Jump Shot,3PT Field Goal,Above the Break 3,Left Side Center(LC),24+ ft.,25,-195,171,1,1,20241027,IND,PHI
Shot Chart Detail,0022400097,452,1630169,Tyrese Haliburton,1610612754,Indiana Pacers,3,6,1,Missed Shot,Jump Shot,3PT Field Goal,Above the Break 3,Left Side Center(LC),24+ ft.,26,-158,218,1,0,20241027,IND,PHI
Shot Chart Detail,0022400097,456,1630169,Tyrese Haliburton,1610612754,Indiana Pacers,3,5,42,Missed Shot,Driving Floating Jump Shot,2PT Field Goal,In The Paint (Non-RA),Center(C),8-16 ft.,13,-65,120,1,0,20241027,IND,PHI
Shot Chart Detail,0022400097,473,1630169,Tyrese Haliburton,1610612754,Indiana Pacers,3,4,23,Missed Shot,Pullup Jump shot,3PT Field Goal,Above the Break 3,Right Side Center(RC),24+ ft.,28,126,256,1,0,20241027,IND,PHI
Shot Chart Detail,0022400097,648,1630169,Tyrese Haliburton,1610612754,Indiana Pacers,4,2,27,Missed Shot,Pullup Jump shot,2PT Field Goal,Mid-Range,Right Side(R),16-24 ft.,20,176,101,1,0,20241027,IND,PHI
Shot Chart Detail,0022400097,687,1630169,Tyrese Haliburton,1610612754,Indiana Pacers,4,0,58,Missed Shot,Driving Layup Shot,2PT Field Goal,In The Paint (Non-RA),Center(C),8-16 ft.,8,1,82,1,0,20241027,IND,PHI
Shot Chart Detail,0022400097,705,1630169,Tyrese Haliburton,1610612754,Indiana Pacers,4,0,3,Made Shot,Step Back Jump shot,3PT Field Goal,Above the Break 3,Left Side Center(LC),24+ ft.,24,-163,179,1,1,20241027,IND,PHI
Shot Chart Detail,0022400097,719,1630169,Tyrese Haliburton,1610612754,Indiana Pacers,5,4,31,Missed Shot,Step Back Jump shot,3PT Field Goal,Above the Break 3,Center(C),24+ ft.,26,-7,264,1,0,20241027,IND,PHI
Shot Chart Detail,0022400097,725,1630169,Tyrese Haliburton,1610612754,Indiana Pacers,5,3,21,Made Shot,Pullup Jump shot,3PT Field Goal,Above the Break 3,Left Side Center(LC),24+ ft.,26,-127,237,1,1,20241027,IND,PHI
Shot Chart Detail,0022400102,15,1630169,Tyrese Haliburton,1610612754,Indiana Pacers,1,10,45,Missed Shot,Jump Shot,3PT Field Goal,Above the Break 3,Center(C),24+ ft.,26,-12,267,1,0,20241028,ORL,IND
Shot Chart Detail,0022400102,65,1630169,Tyrese Haliburton,1610612754,Indiana Pacers,1,5,48,Missed Shot,Pullup Jump shot,2PT Field Goal,Mid-Range,Left Side(L),8-16 ft.,13,-132,-29,1,0,20241028,ORL,IND
Shot Chart Detail,0022400102,88,1630169,Tyrese Haliburton,1610612754,Indiana Pacers,1,4,30,Missed Shot,Floating Jump shot,2PT Field Goal,In The Paint (Non-RA),Center(C),8-16 ft.,12,-47,115,1,0,20241028,ORL,IND
Shot Chart Detail,0022400102,92,1630169,Tyrese Haliburton,1610612754,Indiana Pacers,1,4,21,Missed Shot,Jump Shot,3PT Field Goal,Left Corner 3,Left Side(L),24+ ft.,22,-223,5,1,0,20241028,ORL,IND
Shot Chart Detail,0022400102,99,1630169,Tyrese Haliburton,1610612754,Indiana Pacers,1,4,0,Made Shot,Pullup Jump shot,3PT Field Goal,Above the Break 3,Right Side Center(RC),24+ ft.,25,132,214,1,1,20241028,ORL,IND
Shot Chart Detail,0022400102,104,1630169,Tyrese Haliburton,1610612754,Indiana Pacers,1,3,24,Made Shot,Jump Shot,3PT Field Goal,Right Corner 3,Right Side(R),24+ ft.,22,229,-6,1,1,20241028,ORL,IND
Shot Chart Detail,0022400102,299,1630169,Tyrese Haliburton,1610612754,Indiana Pacers,2,1,13,Made Shot,Pullup Jump shot,3PT Field Goal,Above the Break 3,Center(C),24+ ft.,26,-6,262,1,1,20241028,ORL,IND
Shot Chart Detail,0022400102,338,1630169,Tyrese Haliburton,1610612754,Indiana Pacers,3,10,16,Made Shot,Driving Layup Shot,2PT Field Goal,Restricted Area,Center(C),Less Than 8 ft.,2,6,21,1,1,20241028,ORL,IND
Shot Chart Detail,0022400102,347,1630169,Tyrese Haliburton,1610612754,Indiana Pacers,3,9,49,Missed Shot,Pullup Jump shot,2PT Field Goal,Mid-Range,Right Side(R),8-16 ft.,15,130,90,1,0,20241028,ORL,IND
Shot Chart Detail,0022400102,399,1630169,Tyrese Haliburton,1610612754,Indiana Pacers,3,7,7,Made Shot,Driving Layup Shot,2PT Field Goal,Restricted Area,Center(C),Less Than 8 ft.,2,-4,26,1,1,20241028,ORL,IND
Shot Chart Detail,0022400102,467,1630169,Tyrese Haliburton,1610612754,Indiana Pacers,3,3,25,Missed Shot,Jump Shot,3PT Field Goal,Above the Break 3,Left Side Center(LC),24+ ft.,31,-170,269,1,0,20241028,ORL,IND
Shot Chart Detail,0022400102,482,1630169,Tyrese Haliburton,1610612754,Indiana Pacers,3,2,35,Missed Shot,Jump Shot,3PT Field Goal,Above the Break 3,Left Side Center(LC),24+ ft.,29,-156,247,1,0,20241028,ORL,IND
Shot Chart Detail,0022400102,517,1630169,Tyrese Haliburton,1610612754,Indiana Pacers,3,0,42,Missed Shot,Pullup Jump shot,3PT Field Goal,Above the Break 3,Left Side Center(LC),24+ ft.,29,-164,243,1,0,20241028,ORL,IND
Shot Chart Detail,0022400102,703,1630169,Tyrese Haliburton,1610612754,Indiana Pacers,4,1,37,Missed Shot,Pullup Jump shot,2PT Field Goal,Mid-Range,Left Side Center(LC),16-24 ft.,19,-151,122,1,0,20241028,ORL,IND
Shot Chart Detail,0022400102,709,1630169,Tyrese Haliburton,1610612754,Indiana Pacers,4,0,52,Made Shot,Step Back Jump shot,3PT Field Goal,Above the Break 3,Right Side Center(RC),24+ ft.,28,134,247,1,1,20241028,ORL,IND
Shot Chart Detail,0022400119,86,1630169,Tyrese Haliburton,1610612754,Indiana Pacers,1,6,2,Missed Shot,Jump Shot,3PT Field Goal,Above the Break 3,Right Side Center(RC),24+ ft.,26,222,139,1,0,20241030,IND,BOS
Shot Chart Detail,0022400119,125,1630169,Tyrese Haliburton,1610612754,Indiana Pacers,1,3,37,Missed Shot,Step Back Jump shot,3PT Field Goal,Above the Break 3,Left Side Center(LC),24+ ft.,28,-129,253,1,0,20241030,IND,BOS
Shot Chart Detail,0022400119,275,1630169,Tyrese Haliburton,1610612754,Indiana Pacers,2,5,43,Missed Shot,Driving Floating Jump Shot,2PT Field Goal,In The Paint (Non-RA),Center(C),Less Than 8 ft.,7,-23,75,1,0,20241030,IND,BOS
Shot Chart Detail,0022400119,325,1630169,Tyrese Haliburton,1610612754,Indiana Pacers,2,2,44,Missed Shot,Driving Floating Jump Shot,2PT Field Goal,In The Paint (Non-RA),Center(C),Less Than 8 ft.,7,-38,67,1,0,20241030,IND,BOS
Shot Chart Detail,0022400119,353,1630169,Tyrese Haliburton,1610612754,Indiana Pacers,2,0,44,Missed Shot,Driving Floating Bank Jump Shot,2PT Field Goal,Mid-Range,Right Side(R),8-16 ft.,11,115,29,1,0,20241030,IND,BOS
Shot Chart Detail,0022400119,362,1630169,Tyrese Haliburton,1610612754,Indiana Pacers,2,0,3,Made Shot,Pullup Jump shot,2PT Field Goal,In The Paint (Non-RA),Center(C),8-16 ft.,13,-44,127,1,1,20241030,IND,BOS
Shot Chart Detail,0022400119,365,1630169,Tyrese Haliburton,1610612754,Indiana Pacers,2,0,0,Missed Shot,Jump Shot,3PT Field Goal,Backcourt,Back Court(BC),Back Court Shot,48,118,466,1,0,20241030,IND,BOS
Shot Chart Detail,0022400119,398,1630169,Tyrese Haliburton,1610612754,Indiana Pacers,3,8,49,Missed Shot,Step Back Jump shot,3PT Field Goal,Above the Break 3,Right Side Center(RC),24+ ft.,26,229,137,1,0,20241030,IND,BOS
Shot Chart Detail,0022400119,419,1630169,Tyrese Haliburton,1610612754,Indiana Pacers,3,7,27,Made Shot,Pullup Jump shot,3PT Field Goal,Above the Break 3,Center(C),24+ ft.,27,12,271,1,1,20241030,IND,BOS
Shot Chart Detail,0022400119,456,1630169,Tyrese Haliburton,1610612754,Indiana Pacers,3,4,57,Missed Shot,Step Back Jump shot,2PT Field Goal,Mid-Range,Right Side Center(RC),16-24 ft.,23,145,180,1,0,20241030,IND,BOS
Shot Chart Detail,0022400119,458,1630169,Tyrese Haliburton,1610612754,Indiana Pacers,3,4,47,Made Shot,Driving Layup Shot,2PT Field Goal,Restricted Area,Center(C),Less Than 8 ft.,3,33,-2,1,1,20241030,IND,BOS
Shot Chart Detail,0022400119,469,1630169,Tyrese Haliburton,1610612754,Indiana Pacers,3,3,57,Made Shot,Running Layup Shot,2PT Field Goal,Restricted Area,Center(C),Less Than 8 ft.,3,32,17,1,1,20241030,IND,BOS
Shot Chart Detail,0022400119,490,1630169,Tyrese Haliburton,1610612754,Indiana Pacers,3,2,57,Missed Shot,Pullup Jump shot,3PT Field Goal,Above the Break 3,Center(C),24+ ft.,26,-11,263,1,0,20241030,IND,BOS
Shot Chart Detail,0022400119,497,1630169,Tyrese Haliburton,1610612754,Indiana Pacers,3,2,33,Made Shot,Driving Floating Bank Jump Shot,2PT Field Goal,Mid-Range,Left Side(L),8-16 ft.,12,-125,35,1,1,20241030,IND,BOS
Shot Chart Detail,0022400119,625,1630169,Tyrese Haliburton,1610612754,Indiana Pacers,4,6,54,Missed Shot,Pullup Jump shot,3PT Field Goal,Above the Break 3,Right Side Center(RC),24+ ft.,25,235,109,1,0,20241030,IND,BOS
Shot Chart Detail,0022400119,708,1630169,Tyrese Haliburton,1610612754,Indiana Pacers,4,0,40,Missed Shot,Jump Shot,3PT Field Goal,Above the Break 3,Right Side Center(RC),24+ ft.,27,116,245,1,0,20241030,IND,BOS
Shot Chart Detail,0022400119,714,1630169,Tyrese Haliburton,1610612754,Indiana Pacers,4,0,20,Made Shot,Turnaround Jump Shot,2PT Field Goal,Mid-Range,Center(C),8-16 ft.,14,-15,143,1,1,20241030,IND,BOS
Shot Chart Detail,0022400119,716,1630169,Tyrese Haliburton,1610612754,Indiana Pacers,4,0,1,Missed Shot,Pullup Jump shot,3PT Field Goal,Above the Break 3,Left Side Center(LC),24+ ft.,25,-123,224,1,0,20241030,IND,BOS
Shot Chart Detail,0022400119,730,1630169,Tyrese Haliburton,1610612754,Indiana Pacers,5,4,23,Made Shot,Step Back Jump shot,3PT Field Goal,Above the Break 3,Right Side Center(RC),24+ ft.,25,229,104,1,1,20241030,IND,BOS
Shot Chart Detail,0022400138,34,1630169,Tyrese Haliburton,1610612754,Indiana Pacers,1,8,7,Missed Shot,Jump Shot,3PT Field Goal,Above the Break 3,Center(C),24+ ft.,27,22,277,1,0,20241101,NOP,IND
Shot Chart Detail,0022400138,72,1630169,Tyrese Haliburton,1610612754,Indiana Pacers,1,4,48,Made Shot,Pullup Jump shot,2PT Field Goal,Mid-Range,Right Side Center(RC),16-24 ft.,18,91,163,1,1,20241101,NOP,IND
Shot Chart Detail,0022400138,118,1630169,Tyrese Haliburton,1610612754,Indiana Pacers,1,2,26,Made Shot,Step Back Jump shot,3PT Field Goal,Above the Break 3,Left Side Center(LC),24+ ft.,26,-189,180,1,1,20241101,NOP,IND
Shot Chart Detail,0022400138,133,1630169,Tyrese Haliburton,1610612754,Indiana Pacers,1,1,23,Missed Shot,Pullup Jump shot,3PT Field Goal,Above the Break 3,Right Side Center(RC),24+ ft.,27,116,244,1,0,20241101,NOP,IND
Shot Chart Detail,0022400138,290,1630169,Tyrese Haliburton,1610612754,Indiana Pacers,2,0,47,Missed Shot,Driving Finger Roll Layup Shot,2PT Field Goal,Restricted Area,Center(C),Less Than 8 ft.,1,-4,17,1,0,20241101,NOP,IND
Shot Chart Detail,0022400138,305,1630169,Tyrese Haliburton,1610612754,Indiana Pacers,2,0,0,Missed Shot,Pullup Jump shot,3PT Field Goal,Backcourt,Back Court(BC),Back Court Shot,59,116,585,1,0,20241101,NOP,IND
Shot Chart Detail,0022400138,322,1630169,Tyrese Haliburton,1610612754,Indiana Pacers,3,11,14,Missed Shot,Jump Shot,3PT Field Goal,Above the Break 3,Right Side Center(RC),24+ ft.,26,138,231,1,0,20241101,NOP,IND
Shot Chart Detail,0022400138,628,1630169,Tyrese Haliburton,1610612754,Indiana Pacers,4,1,17,Missed Shot,Step Back Jump shot,3PT Field Goal,Above the Break 3,Right Side Center(RC),24+ ft.,27,216,162,1,0,20241101,NOP,IND
Shot Chart Detail,0022400165,41,1630169,Tyrese Haliburton,1610612754,Indiana Pacers,1,8,39,Made Shot,Pullup Jump shot,3PT Field Goal,Above the Break 3,Right Side Center(RC),24+ ft.,29,132,260,1,1,20241104,DAL,IND
Shot Chart Detail,0022400165,243,1630169,Tyrese Haliburton,1610612754,Indiana Pacers,2,6,40,Missed Shot,Jump Shot,3PT Field Goal,Above the Break 3,Center(C),24+ ft.,26,-1,269,1,0,20241104,DAL,IND
Shot Chart Detail,0022400165,249,1630169,Tyrese Haliburton,1610612754,Indiana Pacers,2,6,30,Missed Shot,Step Back Jump shot,3PT Field Goal,Above the Break 3,Right Side Center(RC),24+ ft.,24,134,207,1,0,20241104,DAL,IND
Shot Chart Detail,0022400165,264,1630169,Tyrese Haliburton,1610612754,Indiana Pacers,2,4,39,Made Shot,Finger Roll Layup Shot,2PT Field Goal,Restricted Area,Center(C),Less Than 8 ft.,1,17,1,1,1,20241104,DAL,IND
Shot Chart Detail,0022400165,309,1630169,Tyrese Haliburton,1610612754,Indiana Pacers,2,1,54,Missed Shot,Running Pull-Up Jump Shot,3PT Field Goal,Above the Break 3,Right Side Center(RC),24+ ft.,25,163,202,1,0,20241104,DAL,IND
Shot Chart Detail,0022400165,331,1630169,Tyrese Haliburton,1610612754,Indiana Pacers,2,0,0,Made Shot,Driving Layup Shot,2PT Field Goal,Restricted Area,Center(C),Less Than 8 ft.,0,0,6,1,1,20241104,DAL,IND
Shot Chart Detail,0022400165,342,1630169,Tyrese Haliburton,1610612754,Indiana Pacers,3,11,29,Made Shot,Driving Layup Shot,2PT Field Goal,Restricted Area,Center(C),Less Than 8 ft.,1,17,9,1,1,20241104,DAL,IND
Shot Chart Detail,0022400165,369,1630169,Tyrese Haliburton,1610612754,Indiana Pacers,3,8,58,Made Shot,Driving Floating Jump Shot,2PT Field Goal,In The Paint (Non-RA),Center(C),8-16 ft.,9,-29,88,1,1,20241104,DAL,IND
Shot Chart Detail,0022400165,467,1630169,Tyrese Haliburton,1610612754,Indiana Pacers,3,3,35,Made Shot,Driving Finger Roll Layup Shot,2PT Field Goal,In The Paint (Non-RA),Center(C),Less Than 8 ft.,6,18,60,1,1,20241104,DAL,IND
Shot Chart Detail,0022400165,471,1630169,Tyrese Haliburton,1610612754,Indiana Pacers,3,3,10,Made Shot,Pullup Jump shot,3PT Field Goal,Above the Break 3,Center(C),24+ ft.,29,65,284,1,1,20241104,DAL,IND
Shot Chart Detail,0022400165,481,1630169,Tyrese Haliburton,1610612754,Indiana Pacers,3,2,6,Missed Shot,Step Back Jump shot,3PT Field Goal,Above the Break 3,Right Side Center(RC),24+ ft.,28,107,269,1,0,20241104,DAL,IND
Shot Chart Detail,0022400165,508,1630169,Tyrese Haliburton,1610612754,Indiana Pacers,3,0,0,Missed Shot,Jump Shot,3PT Field Goal,Backcourt,Back Court(BC),Back Court Shot,53,13,535,1,0,20241104,DAL,IND
Shot Chart Detail,0022400165,583,1630169,Tyrese Haliburton,1610612754,Indiana Pacers,4,6,43,Missed Shot,Pullup Jump shot,3PT Field Goal,Above the Break 3,Center(C),24+ ft.,24,34,247,1,0,20241104,DAL,IND
Shot Chart Detail,0022400165,587,1630169,Tyrese Haliburton,1610612754,Indiana Pacers,4,6,13,Made Shot,Driving Floating Jump Shot,2PT Field Goal,In The Paint (Non-RA),Center(C),8-16 ft.,8,28,80,1,1,20241104,DAL,IND
Shot Chart Detail,0022400165,622,1630169,Tyrese Haliburton,1610612754,Indiana Pacers,4,2,59,Made Shot,Pullup Jump shot,2PT Field Goal,Mid-Range,Right Side(R),8-16 ft.,12,99,74,1,1,20241104,DAL,IND
Shot Chart Detail,0022400165,649,1630169,Tyrese Haliburton,1610612754,Indiana Pacers,4,0,50,Made Shot,Pullup Jump shot,2PT Field Goal,Mid-Range,Center(C),16-24 ft.,16,21,167,1,1,20241104,DAL,IND
Shot Chart Detail,0022400170,121,1630169,Tyrese Haliburton,1610612754,Indiana Pacers,1,3,33,Missed Shot,Jump Shot,2PT Field Goal,Mid-Range,Right Side(R),16-24 ft.,17,178,-8,1,0,20241106,IND,ORL
Shot Chart Detail,0022400170,249,1630169,Tyrese Haliburton,1610612754,Indiana Pacers,2,6,28,Missed Shot,Driving Floating Jump Shot,2PT Field Goal,Mid-Range,Right Side(R),8-16 ft.,11,100,50,1,0,20241106,IND,ORL
Shot Chart Detail,0022400170,301,1630169,Tyrese Haliburton,1610612754,Indiana Pacers,2,2,7,Missed Shot,Jump Shot,3PT Field Goal,Above the Break 3,Center(C),24+ ft.,28,43,280,1,0,20241106,IND,ORL
Shot Chart Detail,0022400170,306,1630169,Tyrese Haliburton,1610612754,Indiana Pacers,2,1,25,Made Shot,Jump Shot,3PT Field Goal,Above the Break 3,Right Side Center(RC),24+ ft.,26,165,201,1,1,20241106,IND,ORL
Shot Chart Detail,0022400170,395,1630169,Tyrese Haliburton,1610612754,Indiana Pacers,3,6,28,Made Shot,Floating Jump shot,2PT Field Goal,Mid-Range,Right Side(R),8-16 ft.,13,129,38,1,1,20241106,IND,ORL
Shot Chart Detail,0022400170,522,1630169,Tyrese Haliburton,1610612754,Indiana Pacers,4,9,3,Made Shot,Driving Floating Jump Shot,2PT Field Goal,In The Paint (Non-RA),Right Side(R),8-16 ft.,13,70,110,1,1,20241106,IND,ORL
Shot Chart Detail,0022400170,535,1630169,Tyrese Haliburton,1610612754,Indiana Pacers,4,7,28,Made Shot,Step Back Jump shot,3PT Field Goal,Above the Break 3,Left Side Center(LC),24+ ft.,25,-167,195,1,1,20241106,IND,ORL
Shot Chart Detail,0022400170,557,1630169,Tyrese Haliburton,1610612754,Indiana Pacers,4,5,43,Made Shot,Driving Layup Shot,2PT Field Goal,Restricted Area,Center(C),Less Than 8 ft.,1,-9,-8,1,1,20241106,IND,ORL
Shot Chart Detail,0022400170,578,1630169,Tyrese Haliburton,1610612754,Indiana Pacers,4,4,3,Missed Shot,Driving Layup Shot,2PT Field Goal,Restricted Area,Center(C),Less Than 8 ft.,2,-10,22,1,0,20241106,IND,ORL
Shot Chart Detail,0022400170,604,1630169,Tyrese Haliburton,1610612754,Indiana Pacers,4,2,0,Missed Shot,Step Back Jump shot,3PT Field Goal,Above the Break 3,Center(C),24+ ft.,26,-2,266,1,0,20241106,IND,ORL
Shot Chart Detail,0022400170,617,1630169,Tyrese Haliburton,1610612754,Indiana Pacers,4,0,33,Made Shot,Pullup Jump shot,3PT Field Goal,Above the Break 3,Center(C),24+ ft.,26,15,261,1,1,20241106,IND,ORL
Shot Chart Detail,0022400184,7,1630169,Tyrese Haliburton,1610612754,Indiana Pacers,1,11,40,Missed Shot,Driving Floating Jump Shot,2PT Field Goal,In The Paint (Non-RA),Center(C),8-16 ft.,13,-62,122,1,0,20241108,CHA,IND
Shot Chart Detail,0022400184,77,1630169,Tyrese Haliburton,1610612754,Indiana Pacers,1,5,24,Missed Shot,Pullup Jump shot,3PT Field Goal,Above the Break 3,Center(C),24+ ft.,27,-80,267,1,0,20241108,CHA,IND
Shot Chart Detail,0022400184,138,1630169,Tyrese Haliburton,1610612754,Indiana Pacers,1,0,55,Made Shot,Pullup Jump shot,2PT Field Goal,In The Paint (Non-RA),Center(C),8-16 ft.,13,-11,138,1,1,20241108,CHA,IND
Shot Chart Detail,0022400184,146,1630169,Tyrese Haliburton,1610612754,Indiana Pacers,1,0,0,Missed Shot,Jump Shot,3PT Field Goal,Above the Break 3,Center(C),24+ ft.,26,51,262,1,0,20241108,CHA,IND
Shot Chart Detail,0022400184,271,1630169,Tyrese Haliburton,1610612754,Indiana Pacers,2,4,10,Missed Shot,Step Back Jump shot,3PT Field Goal,Above the Break 3,Right Side Center(RC),24+ ft.,25,183,180,1,0,20241108,CHA,IND
Shot Chart Detail,0022400184,275,1630169,Tyrese Haliburton,1610612754,Indiana Pacers,2,3,47,Missed Shot,Driving Floating Bank Jump Shot,2PT Field Goal,Restricted Area,Center(C),Less Than 8 ft.,1,12,10,1,0,20241108,CHA,IND
Shot Chart Detail,0022400184,279,1630169,Tyrese Haliburton,1610612754,Indiana Pacers,2,3,34,Missed Shot,Running Dunk Shot,2PT Field Goal,Restricted Area,Center(C),Less Than 8 ft.,1,2,12,1,0,20241108,CHA,IND
Shot Chart Detail,0022400184,320,1630169,Tyrese Haliburton,1610612754,Indiana Pacers,2,0,53,Missed Shot,Running Pull-Up Jump Shot,3PT Field Goal,Above the Break 3,Left Side Center(LC),24+ ft.,30,-170,251,1,0,20241108,CHA,IND
Shot Chart Detail,0022400184,422,1630169,Tyrese Haliburton,1610612754,Indiana Pacers,3,6,23,Made Shot,Driving Floating Jump Shot,2PT Field Goal,In The Paint (Non-RA),Center(C),8-16 ft.,12,5,120,1,1,20241108,CHA,IND
Shot Chart Detail,0022400184,437,1630169,Tyrese Haliburton,1610612754,Indiana Pacers,3,5,37,Missed Shot,Driving Finger Roll Layup Shot,2PT Field Goal,Restricted Area,Center(C),Less Than 8 ft.,3,9,30,1,0,20241108,CHA,IND
Shot Chart Detail,0022400184,467,1630169,Tyrese Haliburton,1610612754,Indiana Pacers,3,2,56,Missed Shot,Driving Floating Jump Shot,2PT Field Goal,In The Paint (Non-RA),Center(C),8-16 ft.,15,62,138,1,0,20241108,CHA,IND
Shot Chart Detail,0022400203,65,1630169,Tyrese Haliburton,1610612754,Indiana Pacers,1,6,15,Made Shot,Pullup Jump shot,3PT Field Goal,Above the Break 3,Left Side Center(LC),24+ ft.,26,-194,174,1,1,20241110,IND,NYK
Shot Chart Detail,0022400203,96,1630169,Tyrese Haliburton,1610612754,Indiana Pacers,1,4,39,Missed Shot,Step Back Jump shot,3PT Field Goal,Above the Break 3,Left Side Center(LC),24+ ft.,25,-222,132,1,0,20241110,IND,NYK
Shot Chart Detail,0022400203,100,1630169,Tyrese Haliburton,1610612754,Indiana Pacers,1,4,7,Missed Shot,Pullup Jump shot,2PT Field Goal,Mid-Range,Left Side(L),16-24 ft.,17,-164,58,1,0,20241110,IND,NYK
Shot Chart Detail,0022400203,108,1630169,Tyrese Haliburton,1610612754,Indiana Pacers,1,3,43,Made Shot,Driving Floating Jump Shot,2PT Field Goal,In The Paint (Non-RA),Center(C),Less Than 8 ft.,7,-32,65,1,1,20241110,IND,NYK
Shot Chart Detail,0022400203,284,1630169,Tyrese Haliburton,1610612754,Indiana Pacers,2,3,40,Made Shot,Step Back Jump shot,3PT Field Goal,Right Corner 3,Right Side(R),24+ ft.,22,229,15,1,1,20241110,IND,NYK
Shot Chart Detail,0022400203,290,1630169,Tyrese Haliburton,1610612754,Indiana Pacers,2,2,35,Made Shot,Running Finger Roll Layup Shot,2PT Field Goal,Restricted Area,Center(C),Less Than 8 ft.,3,-11,28,1,1,20241110,IND,NYK
Shot Chart Detail,0022400203,293,1630169,Tyrese Haliburton,1610612754,Indiana Pacers,2,2,9,Made Shot,Floating Jump shot,3PT Field Goal,Above the Break 3,Center(C),24+ ft.,26,-12,260,1,1,20241110,IND,NYK
Shot Chart Detail,0022400203,317,1630169,Tyrese Haliburton,1610612754,Indiana Pacers,2,0,15,Missed Shot,Step Back Jump shot,3PT Field Goal,Above the Break 3,Left Side Center(LC),24+ ft.,29,-180,232,1,0,20241110,IND,NYK
Shot Chart Detail,0022400203,358,1630169,Tyrese Haliburton,1610612754,Indiana Pacers,3,9,34,Missed Shot,Floating Jump shot,3PT Field Goal,Above the Break 3,Left Side Center(LC),24+ ft.,27,-120,248,1,0,20241110,IND,NYK
Shot Chart Detail,0022400203,391,1630169,Tyrese Haliburton,1610612754,Indiana Pacers,3,6,25,Made Shot,Driving Floating Jump Shot,2PT Field Goal,In The Paint (Non-RA),Center(C),8-16 ft.,10,-17,106,1,1,20241110,IND,NYK
Shot Chart Detail,0022400203,409,1630169,Tyrese Haliburton,1610612754,Indiana Pacers,3,5,39,Made Shot,Driving Finger Roll Layup Shot,2PT Field Goal,Restricted Area,Center(C),Less Than 8 ft.,2,0,24,1,1,20241110,IND,NYK
Shot Chart Detail,0022400203,450,1630169,Tyrese Haliburton,1610612754,Indiana Pacers,3,2,55,Missed Shot,Pullup Jump shot,3PT Field Goal,Above the Break 3,Right Side Center(RC),24+ ft.,30,181,250,1,0,20241110,IND,NYK
Shot Chart Detail,0022400203,568,1630169,Tyrese Haliburton,1610612754,Indiana Pacers,4,7,38,Made Shot,Driving Layup Shot,2PT Field Goal,In The Paint (Non-RA),Center(C),Less Than 8 ft.,4,21,36,1,1,20241110,IND,NYK
Shot Chart Detail,0022400203,576,1630169,Tyrese Haliburton,1610612754,Indiana Pacers,4,6,41,Made Shot,Driving Floating Jump Shot,2PT Field Goal,In The Paint (Non-RA),Center(C),8-16 ft.,9,49,85,1,1,20241110,IND,NYK
Shot Chart Detail,0022400203,602,1630169,Tyrese Haliburton,1610612754,Indiana Pacers,4,4,20,Missed Shot,Pullup Jump shot,3PT Field Goal,Above the Break 3,Center(C),24+ ft.,27,67,262,1,0,20241110,IND,NYK
Shot Chart Detail,0022400203,633,1630169,Tyrese Haliburton,1610612754,Indiana Pacers,4,2,51,Made Shot,Pullup Jump shot,3PT Field Goal,Above the Break 3,Center(C),24+ ft.,25,-64,245,1,1,20241110,IND,NYK
Shot Chart Detail,0022400203,636,1630169,Tyrese Haliburton,1610612754,Indiana Pacers,4,2,23,Missed Shot,Step Back Jump shot,3PT Field Goal,Above the Break 3,Center(C),24+ ft.,29,39,290,1,0,20241110,IND,NYK
Shot Chart Detail,0022400203,644,1630169,Tyrese Haliburton,1610612754,Indiana Pacers,4,1,51,Made Shot,Step Back Jump shot,2PT Field Goal,Mid-Range,Center(C),16-24 ft.,21,-23,213,1,1,20241110,IND,NYK
Shot Chart Detail,0022400217,16,1630169,Tyrese Haliburton,1610612754,Indiana Pacers,1,10,30,Missed Shot,Driving Floating Bank Jump Shot,2PT Field Goal,In The Paint (Non-RA),Right Side(R),8-16 ft.,9,78,51,1,0,20241113,ORL,IND
Shot Chart Detail,0022400217,100,1630169,Tyrese Haliburton,1610612754,Indiana Pacers,1,3,5,Missed Shot,Running Jump Shot,3PT Field Goal,Above the Break 3,Left Side Center(LC),24+ ft.,25,-181,176,1,0,20241113,ORL,IND
Shot Chart Detail,0022400217,158,1630169,Tyrese Haliburton,1610612754,Indiana Pacers,1,0,1,Missed Shot,Driving Floating Bank Jump Shot,2PT Field Goal,Mid-Range,Right Side(R),8-16 ft.,14,132,47,1,0,20241113,ORL,IND
Shot Chart Detail,0022400217,263,1630169,Tyrese Haliburton,1610612754,Indiana Pacers,2,5,30,Missed Shot,Jump Shot,3PT Field Goal,Above the Break 3,Left Side Center(LC),24+ ft.,25,-89,243,1,0,20241113,ORL,IND
Shot Chart Detail,0022400217,308,1630169,Tyrese Haliburton,1610612754,Indiana Pacers,2,1,25,Missed Shot,Driving Floating Jump Shot,2PT Field Goal,Mid-Range,Left Side(L),8-16 ft.,8,-85,15,1,0,20241113,ORL,IND
Shot Chart Detail,0022400217,321,1630169,Tyrese Haliburton,1610612754,Indiana Pacers,2,1,2,Missed Shot,Driving Floating Jump Shot,2PT Field Goal,In The Paint (Non-RA),Center(C),8-16 ft.,9,-12,90,1,0,20241113,ORL,IND
Shot Chart Detail,0022400217,357,1630169,Tyrese Haliburton,1610612754,Indiana Pacers,3,9,29,Made Shot,Step Back Jump shot,3PT Field Goal,Above the Break 3,Center(C),24+ ft.,26,-28,262,1,1,20241113,ORL,IND
Shot Chart Detail,0022400217,360,1630169,Tyrese Haliburton,1610612754,Indiana Pacers,3,8,40,Made Shot,Step Back Jump shot,3PT Field Goal,Above the Break 3,Center(C),24+ ft.,27,-70,267,1,1,20241113,ORL,IND
Shot Chart Detail,0022400217,369,1630169,Tyrese Haliburton,1610612754,Indiana Pacers,3,7,53,Missed Shot,Running Pull-Up Jump Shot,3PT Field Goal,Above the Break 3,Right Side Center(RC),24+ ft.,25,104,235,1,0,20241113,ORL,IND
Shot Chart Detail,0022400217,454,1630169,Tyrese Haliburton,1610612754,Indiana Pacers,3,2,47,Missed Shot,Pullup Jump shot,3PT Field Goal,Above the Break 3,Left Side Center(LC),24+ ft.,27,-173,220,1,0,20241113,ORL,IND
Shot Chart Detail,0022400217,553,1630169,Tyrese Haliburton,1610612754,Indiana Pacers,4,8,6,Missed Shot,Driving Layup Shot,2PT Field Goal,In The Paint (Non-RA),Center(C),Less Than 8 ft.,4,-29,33,1,0,20241113,ORL,IND
Shot Chart Detail,0022400217,577,1630169,Tyrese Haliburton,1610612754,Indiana Pacers,4,6,55,Missed Shot,Pullup Jump shot,3PT Field Goal,Above the Break 3,Left Side Center(LC),24+ ft.,26,-125,233,1,0,20241113,ORL,IND
Shot Chart Detail,0022400217,660,1630169,Tyrese Haliburton,1610612754,Indiana Pacers,4,0,11,Made Shot,Running Dunk Shot,2PT Field Goal,Restricted Area,Center(C),Less Than 8 ft.,3,27,18,1,1,20241113,ORL,IND
Shot Chart Detail,0022400217,666,1630169,Tyrese Haliburton,1610612754,Indiana Pacers,4,0,2,Missed Shot,Pullup Jump shot,3PT Field Goal,Above the Break 3,Right Side Center(RC),24+ ft.,26,191,178,1,0,20241113,ORL,IND
Shot Chart Detail,0022400235,65,1630169,Tyrese Haliburton,1610612754,Indiana Pacers,1,7,1,Missed Shot,Driving Floating Bank Jump Shot,2PT Field Goal,Mid-Range,Left Side(L),8-16 ft.,12,-105,60,1,0,20241117,IND,MIA
Shot Chart Detail,0022400235,69,1630169,Tyrese Haliburton,1610612754,Indiana Pacers,1,6,40,Made Shot,Driving Floating Bank Jump Shot,2PT Field Goal,In The Paint (Non-RA),Center(C),Less Than 8 ft.,7,65,29,1,1,20241117,IND,MIA
Shot Chart Detail,0022400235,78,1630169,Tyrese Haliburton,1610612754,Indiana Pacers,1,5,34,Missed Shot,Driving Finger Roll Layup Shot,2PT Field Goal,Restricted Area,Center(C),Less Than 8 ft.,3,-21,33,1,0,20241117,IND,MIA
Shot Chart Detail,0022400235,214,1630169,Tyrese Haliburton,1610612754,Indiana Pacers,2,7,52,Made Shot,Pullup Jump shot,3PT Field Goal,Above the Break 3,Right Side Center(RC),24+ ft.,26,227,136,1,1,20241117,IND,MIA
Shot Chart Detail,0022400235,221,1630169,Tyrese Haliburton,1610612754,Indiana Pacers,2,6,59,Missed Shot,Jump Shot,3PT Field Goal,Above the Break 3,Left Side Center(LC),24+ ft.,25,-131,221,1,0,20241117,IND,MIA
Shot Chart Detail,0022400235,238,1630169,Tyrese Haliburton,1610612754,Indiana Pacers,2,6,7,Missed Shot,Fadeaway Bank shot,3PT Field Goal,Right Corner 3,Right Side(R),24+ ft.,23,233,17,1,0,20241117,IND,MIA
Shot Chart Detail,0022400235,302,1630169,Tyrese Haliburton,1610612754,Indiana Pacers,2,0,7,Missed Shot,Driving Floating Jump Shot,2PT Field Goal,In The Paint (Non-RA),Center(C),Less Than 8 ft.,6,34,50,1,0,20241117,IND,MIA
Shot Chart Detail,0022400235,307,1630169,Tyrese Haliburton,1610612754,Indiana Pacers,2,0,0,Missed Shot,Jump Shot,3PT Field Goal,Above the Break 3,Right Side Center(RC),24+ ft.,31,154,273,1,0,20241117,IND,MIA
Shot Chart Detail,0022400235,317,1630169,Tyrese Haliburton,1610612754,Indiana Pacers,3,10,56,Missed Shot,Driving Floating Jump Shot,2PT Field Goal,In The Paint (Non-RA),Center(C),Less Than 8 ft.,6,-2,64,1,0,20241117,IND,MIA
Shot Chart Detail,0022400235,344,1630169,Tyrese Haliburton,1610612754,Indiana Pacers,3,8,38,Missed Shot,Running Jump Shot,3PT Field Goal,Above the Break 3,Right Side Center(RC),24+ ft.,26,185,194,1,0,20241117,IND,MIA
Shot Chart Detail,0022400235,537,1630169,Tyrese Haliburton,1610612754,Indiana Pacers,4,5,10,Made Shot,Jump Shot,3PT Field Goal,Above the Break 3,Left Side Center(LC),24+ ft.,25,-157,205,1,1,20241117,IND,MIA
Shot Chart Detail,0022400235,541,1630169,Tyrese Haliburton,1610612754,Indiana Pacers,4,4,38,Made Shot,Running Jump Shot,3PT Field Goal,Above the Break 3,Right Side Center(RC),24+ ft.,28,162,236,1,1,20241117,IND,MIA
Shot Chart Detail,0022400235,549,1630169,Tyrese Haliburton,1610612754,Indiana Pacers,4,4,12,Missed Shot,Step Back Jump shot,3PT Field Goal,Above the Break 3,Right Side Center(RC),24+ ft.,26,136,225,1,0,20241117,IND,MIA
Shot Chart Detail,0022400247,17,1630169,Tyrese Haliburton,1610612754,Indiana Pacers,1,10,33,Missed Shot,Running Jump Shot,3PT Field Goal,Above the Break 3,Right Side Center(RC),24+ ft.,24,138,206,1,0,20241118,TOR,IND
Shot Chart Detail,0022400247,19,1630169,Tyrese Haliburton,1610612754,Indiana Pacers,1,10,29,Missed Shot,Jump Bank Shot,3PT Field Goal,Above the Break 3,Center(C),24+ ft.,24,17,248,1,0,20241118,TOR,IND
Shot Chart Detail,0022400247,97,1630169,Tyrese Haliburton,1610612754,Indiana Pacers,1,4,12,Missed Shot,Pullup Jump shot,3PT Field Goal,Above the Break 3,Right Side Center(RC),24+ ft.,26,134,234,1,0,20241118,TOR,IND
Shot Chart Detail,0022400247,116,1630169,Tyrese Haliburton,1610612754,Indiana Pacers,1,3,16,Made Shot,Running Dunk Shot,2PT Field Goal,Restricted Area,Center(C),Less Than 8 ft.,0,-6,4,1,1,20241118,TOR,IND
Shot Chart Detail,0022400247,278,1630169,Tyrese Haliburton,1610612754,Indiana Pacers,2,5,4,Made Shot,Jump Shot,3PT Field Goal,Above the Break 3,Left Side Center(LC),24+ ft.,24,-212,125,1,1,20241118,TOR,IND
Shot Chart Detail,0022400247,303,1630169,Tyrese Haliburton,1610612754,Indiana Pacers,2,3,23,Made Shot,Turnaround Jump Shot,2PT Field Goal,In The Paint (Non-RA),Center(C),8-16 ft.,10,43,101,1,1,20241118,TOR,IND
Shot Chart Detail,0022400247,316,1630169,Tyrese Haliburton,1610612754,Indiana Pacers,2,2,11,Missed Shot,Floating Jump shot,2PT Field Goal,Mid-Range,Right Side(R),8-16 ft.,14,126,79,1,0,20241118,TOR,IND
Shot Chart Detail,0022400247,324,1630169,Tyrese Haliburton,1610612754,Indiana Pacers,2,1,58,Missed Shot,Driving Floating Jump Shot,2PT Field Goal,In The Paint (Non-RA),Center(C),8-16 ft.,10,11,101,1,0,20241118,TOR,IND
Shot Chart Detail,0022400247,333,1630169,Tyrese Haliburton,1610612754,Indiana Pacers,2,1,45,Missed Shot,Jump Shot,3PT Field Goal,Above the Break 3,Center(C),24+ ft.,26,20,267,1,0,20241118,TOR,IND
Shot Chart Detail,0022400247,361,1630169,Tyrese Haliburton,1610612754,Indiana Pacers,3,11,46,Missed Shot,Pullup Jump shot,2PT Field Goal,In The Paint (Non-RA),Center(C),8-16 ft.,12,60,113,1,0,20241118,TOR,IND
Shot Chart Detail,0022400247,393,1630169,Tyrese Haliburton,1610612754,Indiana Pacers,3,8,11,Missed Shot,Running Jump Shot,3PT Field Goal,Above the Break 3,Left Side Center(LC),24+ ft.,26,-120,241,1,0,20241118,TOR,IND
Shot Chart Detail,0022400247,398,1630169,Tyrese Haliburton,1610612754,Indiana Pacers,3,7,47,Missed Shot,Driving Floating Bank Jump Shot,2PT Field Goal,Mid-Range,Center(C),16-24 ft.,20,-11,204,1,0,20241118,TOR,IND
Shot Chart Detail,0022400247,417,1630169,Tyrese Haliburton,1610612754,Indiana Pacers,3,6,28,Missed Shot,Pullup Jump shot,3PT Field Goal,Above the Break 3,Center(C),24+ ft.,31,-59,309,1,0,20241118,TOR,IND
Shot Chart Detail,0022400247,469,1630169,Tyrese Haliburton,1610612754,Indiana Pacers,3,3,7,Made Shot,Jump Shot,3PT Field Goal,Left Corner 3,Left Side(L),24+ ft.,24,-233,78,1,1,20241118,TOR,IND
Shot Chart Detail,0022400247,618,1630169,Tyrese Haliburton,1610612754,Indiana Pacers,4,6,10,Missed Shot,Pullup Jump shot,2PT Field Goal,Mid-Range,Right Side(R),8-16 ft.,14,143,20,1,0,20241118,TOR,IND
Shot Chart Detail,0022400247,656,1630169,Tyrese Haliburton,1610612754,Indiana Pacers,4,3,55,Missed Shot,Driving Floating Bank Jump Shot,2PT Field Goal,Mid-Range,Left Side(L),8-16 ft.,12,-118,50,1,0,20241118,TOR,IND
Shot Chart Detail,0022400247,663,1630169,Tyrese Haliburton,1610612754,Indiana Pacers,4,3,42,Missed Shot,Step Back Jump shot,3PT Field Goal,Above the Break 3,Right Side Center(RC),24+ ft.,27,115,249,1,0,20241118,TOR,IND
Shot Chart Detail,0022400247,667,1630169,Tyrese Haliburton,1610612754,Indiana Pacers,4,3,8,Made Shot,Driving Finger Roll Layup Shot,2PT Field Goal,In The Paint (Non-RA),Center(C),Less Than 8 ft.,4,37,29,1,1,20241118,TOR,IND
Shot Chart Detail,0022400254,39,1630169,Tyrese Haliburton,1610612754,Indiana Pacers,1,8,37,Missed Shot,Running Jump Shot,3PT Field Goal,Above the Break 3,Right Side Center(RC),24+ ft.,28,169,225,1,0,20241120,HOU,IND
Shot Chart Detail,0022400254,316,1630169,Tyrese Haliburton,1610612754,Indiana Pacers,2,5,8,Made Shot,Step Back Jump shot,3PT Field Goal,Above the Break 3,Left Side Center(LC),24+ ft.,25,-137,215,1,1,20241120,HOU,IND
Shot Chart Detail,0022400254,326,1630169,Tyrese Haliburton,1610612754,Indiana Pacers,2,4,9,Missed Shot,Jump Shot,3PT Field Goal,Above the Break 3,Center(C),24+ ft.,29,88,278,1,0,20241120,HOU,IND
Shot Chart Detail,0022400254,387,1630169,Tyrese Haliburton,1610612754,Indiana Pacers,2,0,35,Missed Shot,Driving Floating Jump Shot,2PT Field Goal,Mid-Range,Left Side Center(LC),16-24 ft.,17,-88,153,1,0,20241120,HOU,IND
Shot Chart Detail,0022400254,392,1630169,Tyrese Haliburton,1610612754,Indiana Pacers,2,0,6,Missed Shot,Pullup Jump shot,3PT Field Goal,Above the Break 3,Left Side Center(LC),24+ ft.,26,-132,235,1,0,20241120,HOU,IND
Shot Chart Detail,0022400254,471,1630169,Tyrese Haliburton,1610612754,Indiana Pacers,3,6,7,Missed Shot,Pullup Jump shot,3PT Field Goal,Above the Break 3,Left Side Center(LC),24+ ft.,26,-146,221,1,0,20241120,HOU,IND
Shot Chart Detail,0022400254,508,1630169,Tyrese Haliburton,1610612754,Indiana Pacers,3,3,39,Missed Shot,Driving Reverse Layup Shot,2PT Field Goal,Restricted Area,Center(C),Less Than 8 ft.,2,-17,11,1,0,20241120,HOU,IND
Shot Chart Detail,0022400272,11,1630169,Tyrese Haliburton,1610612754,Indiana Pacers,1,11,15,Missed Shot,Pullup Jump shot,3PT Field Goal,Above the Break 3,Right Side Center(RC),24+ ft.,26,150,220,1,0,20241124,IND,WAS
Shot Chart Detail,0022400272,13,1630169,Tyrese Haliburton,1610612754,Indiana Pacers,1,11,10,Missed Shot,Driving Floating Jump Shot,2PT Field Goal,Restricted Area,Center(C),Less Than 8 ft.,3,-5,33,1,0,20241124,IND,WAS
Shot Chart Detail,0022400272,83,1630169,Tyrese Haliburton,1610612754,Indiana Pacers,1,6,14,Made Shot,Driving Finger Roll Layup Shot,2PT Field Goal,Restricted Area,Center(C),Less Than 8 ft.,0,-9,2,1,1,20241124,IND,WAS
Shot Chart Detail,0022400272,110,1630169,Tyrese Haliburton,1610612754,Indiana Pacers,1,4,44,Missed Shot,Fadeaway Jump Shot,2PT Field Goal,Mid-Range,Right Side(R),8-16 ft.,13,138,4,1,0,20241124,IND,WAS
Shot Chart Detail,0022400272,124,1630169,Tyrese Haliburton,1610612754,Indiana Pacers,1,3,45,Missed Shot,Step Back Jump shot,2PT Field Goal,Mid-Range,Right Side Center(RC),16-24 ft.,19,153,117,1,0,20241124,IND,WAS
Shot Chart Detail,0022400272,262,1630169,Tyrese Haliburton,1610612754,Indiana Pacers,2,5,43,Missed Shot,Driving Floating Jump Shot,2PT Field Goal,In The Paint (Non-RA),Center(C),8-16 ft.,8,5,84,1,0,20241124,IND,WAS
Shot Chart Detail,0022400272,264,1630169,Tyrese Haliburton,1610612754,Indiana Pacers,2,5,38,Made Shot,Step Back Jump shot,3PT Field Goal,Right Corner 3,Right Side(R),24+ ft.,23,230,12,1,1,20241124,IND,WAS
Shot Chart Detail,0022400272,287,1630169,Tyrese Haliburton,1610612754,Indiana Pacers,2,4,12,Missed Shot,Running Pull-Up Jump Shot,3PT Field Goal,Above the Break 3,Right Side Center(RC),24+ ft.,26,132,228,1,0,20241124,IND,WAS
Shot Chart Detail,0022400272,321,1630169,Tyrese Haliburton,1610612754,Indiana Pacers,2,1,44,Missed Shot,Driving Floating Bank Jump Shot,2PT Field Goal,Restricted Area,Center(C),Less Than 8 ft.,0,4,5,1,0,20241124,IND,WAS
Shot Chart Detail,0022400272,346,1630169,Tyrese Haliburton,1610612754,Indiana Pacers,2,0,8,Missed Shot,Step Back Jump shot,3PT Field Goal,Above the Break 3,Left Side Center(LC),24+ ft.,30,-195,237,1,0,20241124,IND,WAS
Shot Chart Detail,0022400272,356,1630169,Tyrese Haliburton,1610612754,Indiana Pacers,3,11,37,Made Shot,Driving Finger Roll Layup Shot,2PT Field Goal,Restricted Area,Center(C),Less Than 8 ft.,1,0,14,1,1,20241124,IND,WAS
Shot Chart Detail,0022400272,369,1630169,Tyrese Haliburton,1610612754,Indiana Pacers,3,10,14,Made Shot,Step Back Jump shot,3PT Field Goal,Above the Break 3,Right Side Center(RC),24+ ft.,29,151,255,1,1,20241124,IND,WAS
Shot Chart Detail,0022400272,380,1630169,Tyrese Haliburton,1610612754,Indiana Pacers,3,8,42,Made Shot,Step Back Jump shot,3PT Field Goal,Above the Break 3,Right Side Center(RC),24+ ft.,30,141,272,1,1,20241124,IND,WAS
Shot Chart Detail,0022400272,414,1630169,Tyrese Haliburton,1610612754,Indiana Pacers,3,6,44,Made Shot,Running Pull-Up Jump Shot,3PT Field Goal,Above the Break 3,Center(C),24+ ft.,29,-74,284,1,1,20241124,IND,WAS
Shot Chart Detail,0022400272,432,1630169,Tyrese Haliburton,1610612754,Indiana Pacers,3,5,38,Made Shot,Running Pull-Up Jump Shot,3PT Field Goal,Above the Break 3,Left Side Center(LC),24+ ft.,25,-146,213,1,1,20241124,IND,WAS
Shot Chart Detail,0022400272,435,1630169,Tyrese Haliburton,1610612754,Indiana Pacers,3,5,9,Missed Shot,Step Back Jump shot,3PT Field Goal,Above the Break 3,Center(C),24+ ft.,28,70,277,1,0,20241124,IND,WAS
Shot Chart Detail,0022400272,602,1630169,Tyrese Haliburton,1610612754,Indiana Pacers,4,5,27,Missed Shot,Pullup Jump shot,3PT Field Goal,Above the Break 3,Right Side Center(RC),24+ ft.,31,189,250,1,0,20241124,IND,WAS
Shot Chart Detail,0022400272,623,1630169,Tyrese Haliburton,1610612754,Indiana Pacers,4,3,10,Missed Shot,Jump Shot,3PT Field Goal,Above the Break 3,Right Side Center(RC),24+ ft.,31,123,290,1,0,20241124,IND,WAS
Shot Chart Detail,0022400279,12,1630169,Tyrese Haliburton,1610612754,Indiana Pacers,1,11,7,Made Shot,Pullup Jump shot,3PT Field Goal,Above the Break 3,Center(C),24+ ft.,27,-22,276,1,1,20241125,IND,NOP
Shot Chart Detail,0022400279,27,1630169,Tyrese Haliburton,1610612754,Indiana Pacers,1,9,53,Missed Shot,Step Back Jump shot,3PT Field Goal,Above the Break 3,Right Side Center(RC),24+ ft.,29,162,246,1,0,20241125,IND,NOP
Shot Chart Detail,0022400279,31,1630169,Tyrese Haliburton,1610612754,Indiana Pacers,1,9,21,Missed Shot,Floating Jump shot,2PT Field Goal,Mid-Range,Right Side(R),16-24 ft.,16,142,74,1,0,20241125,IND,NOP
Shot Chart Detail,0022400279,53,1630169,Tyrese Haliburton,1610612754,Indiana Pacers,1,7,39,Made Shot,Step Back Jump shot,3PT Field Goal,Above the Break 3,Right Side Center(RC),24+ ft.,30,170,258,1,1,20241125,IND,NOP
Shot Chart Detail,0022400279,97,1630169,Tyrese Haliburton,1610612754,Indiana Pacers,1,4,15,Made Shot,Jump Shot,3PT Field Goal,Above the Break 3,Center(C),24+ ft.,28,16,288,1,1,20241125,IND,NOP
Shot Chart Detail,0022400279,114,1630169,Tyrese Haliburton,1610612754,Indiana Pacers,1,3,48,Missed Shot,Jump Shot,3PT Field Goal,Above the Break 3,Right Side Center(RC),24+ ft.,31,148,278,1,0,20241125,IND,NOP
Shot Chart Detail,0022400279,250,1630169,Tyrese Haliburton,1610612754,Indiana Pacers,2,5,24,Made Shot,Running Pull-Up Jump Shot,3PT Field Goal,Above the Break 3,Right Side Center(RC),24+ ft.,28,180,224,1,1,20241125,IND,NOP
Shot Chart Detail,0022400279,290,1630169,Tyrese Haliburton,1610612754,Indiana Pacers,2,3,15,Made Shot,Pullup Jump shot,2PT Field Goal,In The Paint (Non-RA),Center(C),8-16 ft.,14,-34,137,1,1,20241125,IND,NOP
Shot Chart Detail,0022400279,294,1630169,Tyrese Haliburton,1610612754,Indiana Pacers,2,2,49,Missed Shot,Pullup Jump shot,3PT Field Goal,Above the Break 3,Right Side Center(RC),24+ ft.,27,180,210,1,0,20241125,IND,NOP
Shot Chart Detail,0022400279,315,1630169,Tyrese Haliburton,1610612754,Indiana Pacers,2,1,7,Missed Shot,Pullup Jump shot,3PT Field Goal,Above the Break 3,Right Side Center(RC),24+ ft.,32,181,264,1,0,20241125,IND,NOP
Shot Chart Detail,0022400279,329,1630169,Tyrese Haliburton,1610612754,Indiana Pacers,2,0,0,Missed Shot,Jump Shot,3PT Field Goal,Backcourt,Back Court(BC),Back Court Shot,61,216,579,1,0,20241125,IND,NOP
Shot Chart Detail,0022400279,358,1630169,Tyrese Haliburton,1610612754,Indiana Pacers,3,9,56,Made Shot,Jump Shot,3PT Field Goal,Above the Break 3,Center(C),24+ ft.,28,-82,270,1,1,20241125,IND,NOP
Shot Chart Detail,0022400279,370,1630169,Tyrese Haliburton,1610612754,Indiana Pacers,3,8,55,Missed Shot,Running Jump Shot,3PT Field Goal,Above the Break 3,Right Side Center(RC),24+ ft.,26,153,216,1,0,20241125,IND,NOP
Shot Chart Detail,0022400279,426,1630169,Tyrese Haliburton,1610612754,Indiana Pacers,3,5,5,Made Shot,Step Back Jump shot,3PT Field Goal,Above the Break 3,Right Side Center(RC),24+ ft.,26,138,226,1,1,20241125,IND,NOP
Shot Chart Detail,0022400279,441,1630169,Tyrese Haliburton,1610612754,Indiana Pacers,3,3,25,Made Shot,Pullup Jump shot,3PT Field Goal,Above the Break 3,Center(C),24+ ft.,28,2,283,1,1,20241125,IND,NOP
Shot Chart Detail,0022400279,465,1630169,Tyrese Haliburton,1610612754,Indiana Pacers,3,1,48,Missed Shot,Jump Shot,3PT Field Goal,Above the Break 3,Left Side Center(LC),24+ ft.,30,-123,279,1,0,20241125,IND,NOP
Shot Chart Detail,0022400279,591,1630169,Tyrese Haliburton,1610612754,Indiana Pacers,4,5,28,Made Shot,Running Jump Shot,3PT Field Goal,Above the Break 3,Right Side Center(RC),24+ ft.,26,132,230,1,1,20241125,IND,NOP
Shot Chart Detail,0022400279,608,1630169,Tyrese Haliburton,1610612754,Indiana Pacers,4,4,16,Made Shot,Driving Finger Roll Layup Shot,2PT Field Goal,Restricted Area,Center(C),Less Than 8 ft.,1,12,11,1,1,20241125,IND,NOP
Shot Chart Detail,0022400279,612,1630169,Tyrese Haliburton,1610612754,Indiana Pacers,4,3,33,Missed Shot,Step Back Jump shot,3PT Field Goal,Above the Break 3,Right Side Center(RC),24+ ft.,28,141,243,1,0,20241125,IND,NOP
Shot Chart Detail,0022400279,620,1630169,Tyrese Haliburton,1610612754,Indiana Pacers,4,3,8,Made Shot,Pullup Jump shot,3PT Field Goal,Above the Break 3,Center(C),24+ ft.,27,-27,272,1,1,20241125,IND,NOP
Shot Chart Detail,0022400279,623,1630169,Tyrese Haliburton,1610612754,Indiana Pacers,4,2,27,Made Shot,Driving Finger Roll Layup Shot,2PT Field Goal,Restricted Area,Center(C),Less Than 8 ft.,1,13,-15,1,1,20241125,IND,NOP
Shot Chart Detail,0022400279,630,1630169,Tyrese Haliburton,1610612754,Indiana Pacers,4,1,22,Missed Shot,Pullup Jump shot,3PT Field Goal,Above the Break 3,Right Side Center(RC),24+ ft.,26,92,252,1,0,20241125,IND,NOP
Shot Chart Detail,0022400279,639,1630169,Tyrese Haliburton,1610612754,Indiana Pacers,4,0,37,Missed Shot,Turnaround Jump Shot,2PT Field Goal,In The Paint (Non-RA),Center(C),8-16 ft.,11,-1,112,1,0,20241125,IND,NOP
Shot Chart Detail,0022400288,33,1630169,Tyrese Haliburton,1610612754,Indiana Pacers,1,9,15,Missed Shot,Pullup Jump shot,3PT Field Goal,Above the Break 3,Left Side Center(LC),24+ ft.,29,-98,280,1,0,20241127,IND,POR
Shot Chart Detail,0022400288,40,1630169,Tyrese Haliburton,1610612754,Indiana Pacers,1,8,44,Missed Shot,Pullup Jump shot,3PT Field Goal,Above the Break 3,Center(C),24+ ft.,28,50,277,1,0,20241127,IND,POR
Shot Chart Detail,0022400288,78,1630169,Tyrese Haliburton,1610612754,Indiana Pacers,1,5,43,Made Shot,Pullup Jump shot,3PT Field Goal,Above the Break 3,Left Side Center(LC),24+ ft.,33,-200,263,1,1,20241127,IND,POR
Shot Chart Detail,0022400288,237,1630169,Tyrese Haliburton,1610612754,Indiana Pacers,2,8,16,Made Shot,Driving Finger Roll Layup Shot,2PT Field Goal,Restricted Area,Center(C),Less Than 8 ft.,0,-5,4,1,1,20241127,IND,POR
Shot Chart Detail,0022400288,279,1630169,Tyrese Haliburton,1610612754,Indiana Pacers,2,4,48,Missed Shot,Driving Floating Bank Jump Shot,2PT Field Goal,In The Paint (Non-RA),Center(C),Less Than 8 ft.,5,54,-9,1,0,20241127,IND,POR
Shot Chart Detail,0022400288,286,1630169,Tyrese Haliburton,1610612754,Indiana Pacers,2,4,16,Made Shot,Fadeaway Jump Shot,2PT Field Goal,Mid-Range,Right Side(R),8-16 ft.,12,119,-17,1,1,20241127,IND,POR
Shot Chart Detail,0022400288,343,1630169,Tyrese Haliburton,1610612754,Indiana Pacers,2,0,2,Missed Shot,Pullup Jump shot,3PT Field Goal,Above the Break 3,Center(C),24+ ft.,27,-18,275,1,0,20241127,IND,POR
Shot Chart Detail,0022400288,392,1630169,Tyrese Haliburton,1610612754,Indiana Pacers,3,8,24,Made Shot,Running Jump Shot,3PT Field Goal,Above the Break 3,Right Side Center(RC),24+ ft.,29,195,220,1,1,20241127,IND,POR
Shot Chart Detail,0022400288,471,1630169,Tyrese Haliburton,1610612754,Indiana Pacers,3,2,14,Made Shot,Running Pull-Up Jump Shot,3PT Field Goal,Right Corner 3,Right Side(R),24+ ft.,23,234,-12,1,1,20241127,IND,POR
Shot Chart Detail,0022400288,480,1630169,Tyrese Haliburton,1610612754,Indiana Pacers,3,1,51,Missed Shot,Running Pull-Up Jump Shot,3PT Field Goal,Above the Break 3,Left Side Center(LC),24+ ft.,25,-211,151,1,0,20241127,IND,POR
Shot Chart Detail,0022400288,567,1630169,Tyrese Haliburton,1610612754,Indiana Pacers,4,7,5,Made Shot,Step Back Jump shot,3PT Field Goal,Above the Break 3,Right Side Center(RC),24+ ft.,30,141,268,1,1,20241127,IND,POR
Shot Chart Detail,0022400288,575,1630169,Tyrese Haliburton,1610612754,Indiana Pacers,4,6,13,Missed Shot,Jump Shot,3PT Field Goal,Above the Break 3,Right Side Center(RC),24+ ft.,27,213,180,1,0,20241127,IND,POR
Shot Chart Detail,0022400288,616,1630169,Tyrese Haliburton,1610612754,Indiana Pacers,4,1,53,Made Shot,Pullup Jump shot,3PT Field Goal,Above the Break 3,Left Side Center(LC),24+ ft.,27,-88,264,1,1,20241127,IND,POR
Shot Chart Detail,0022400288,628,1630169,Tyrese Haliburton,1610612754,Indiana Pacers,4,1,9,Missed Shot,Tip Layup Shot,2PT Field Goal,Restricted Area,Center(C),Less Than 8 ft.,0,0,0,1,0,20241127,IND,POR
Shot Chart Detail,0022400288,641,1630169,Tyrese Haliburton,1610612754,Indiana Pacers,4,0,40,Made Shot,Floating Jump shot,2PT Field Goal,Mid-Range,Right Side Center(RC),16-24 ft.,17,77,152,1,1,20241127,IND,POR
Shot Chart Detail,0022400306,239,1630169,Tyrese Haliburton,1610612754,Indiana Pacers,2,8,0,Missed Shot,Jump Shot,3PT Field Goal,Above the Break 3,Right Side Center(RC),24+ ft.,25,180,180,1,0,20241201,MEM,IND
Shot Chart Detail,0022400306,243,1630169,Tyrese Haliburton,1610612754,Indiana Pacers,2,7,34,Made Shot,Jump Shot,3PT Field Goal,Above the Break 3,Right Side Center(RC),24+ ft.,25,167,199,1,1,20241201,MEM,IND
Shot Chart Detail,0022400306,252,1630169,Tyrese Haliburton,1610612754,Indiana Pacers,2,7,3,Missed Shot,Step Back Jump shot,3PT Field Goal,Above the Break 3,Right Side Center(RC),24+ ft.,25,192,174,1,0,20241201,MEM,IND
Shot Chart Detail,0022400306,304,1630169,Tyrese Haliburton,1610612754,Indiana Pacers,2,3,1,Missed Shot,Step Back Jump shot,3PT Field Goal,Above the Break 3,Center(C),24+ ft.,26,-28,261,1,0,20241201,MEM,IND
Shot Chart Detail,0022400306,391,1630169,Tyrese Haliburton,1610612754,Indiana Pacers,3,9,44,Missed Shot,Jump Shot,3PT Field Goal,Above the Break 3,Right Side Center(RC),24+ ft.,24,134,210,1,0,20241201,MEM,IND
Shot Chart Detail,0022400306,427,1630169,Tyrese Haliburton,1610612754,Indiana Pacers,3,6,12,Missed Shot,Jump Shot,3PT Field Goal,Above the Break 3,Left Side Center(LC),24+ ft.,25,-207,157,1,0,20241201,MEM,IND
Shot Chart Detail,0022400306,465,1630169,Tyrese Haliburton,1610612754,Indiana Pacers,3,4,6,Made Shot,Driving Floating Bank Jump Shot,2PT Field Goal,In The Paint (Non-RA),Right Side(R),8-16 ft.,8,58,59,1,1,20241201,MEM,IND
Shot Chart Detail,0022400306,482,1630169,Tyrese Haliburton,1610612754,Indiana Pacers,3,2,56,Missed Shot,Pullup Jump shot,3PT Field Goal,Above the Break 3,Right Side Center(RC),24+ ft.,26,141,221,1,0,20241201,MEM,IND
Shot Chart Detail,0022400306,547,1630169,Tyrese Haliburton,1610612754,Indiana Pacers,4,11,36,Made Shot,Running Jump Shot,3PT Field Goal,Above the Break 3,Left Side Center(LC),24+ ft.,25,-185,176,1,1,20241201,MEM,IND
Shot Chart Detail,0022400306,671,1630169,Tyrese Haliburton,1610612754,Indiana Pacers,4,4,27,Missed Shot,Pullup Jump shot,3PT Field Goal,Above the Break 3,Center(C),24+ ft.,29,7,299,1,0,20241201,MEM,IND
Shot Chart Detail,0022400320,21,1630169,Tyrese Haliburton,1610612754,Indiana Pacers,1,9,49,Missed Shot,Pullup Jump shot,2PT Field Goal,Mid-Range,Right Side Center(RC),16-24 ft.,20,110,173,1,0,20241204,BKN,IND
Shot Chart Detail,0022400320,52,1630169,Tyrese Haliburton,1610612754,Indiana Pacers,1,6,59,Missed Shot,Step Back Jump shot,3PT Field Goal,Above the Break 3,Left Side Center(LC),24+ ft.,26,-163,209,1,0,20241204,BKN,IND
Shot Chart Detail,0022400320,68,1630169,Tyrese Haliburton,1610612754,Indiana Pacers,1,6,34,Missed Shot,Jump Shot,3PT Field Goal,Right Corner 3,Right Side(R),24+ ft.,22,222,-6,1,0,20241204,BKN,IND
Shot Chart Detail,0022400320,223,1630169,Tyrese Haliburton,1610612754,Indiana Pacers,2,6,30,Made Shot,Pullup Jump shot,2PT Field Goal,Mid-Range,Center(C),16-24 ft.,18,4,186,1,1,20241204,BKN,IND
Shot Chart Detail,0022400320,280,1630169,Tyrese Haliburton,1610612754,Indiana Pacers,2,2,32,Missed Shot,Driving Layup Shot,2PT Field Goal,Restricted Area,Center(C),Less Than 8 ft.,3,26,21,1,0,20241204,BKN,IND
Shot Chart Detail,0022400320,315,1630169,Tyrese Haliburton,1610612754,Indiana Pacers,2,0,0,Missed Shot,Running Pull-Up Jump Shot,3PT Field Goal,Backcourt,Back Court(BC),Back Court Shot,51,-157,487,1,0,20241204,BKN,IND
Shot Chart Detail,0022400320,351,1630169,Tyrese Haliburton,1610612754,Indiana Pacers,3,8,37,Missed Shot,Step Back Jump shot,3PT Field Goal,Above the Break 3,Center(C),24+ ft.,25,20,251,1,0,20241204,BKN,IND
Shot Chart Detail,0022400320,392,1630169,Tyrese Haliburton,1610612754,Indiana Pacers,3,6,3,Made Shot,Driving Layup Shot,2PT Field Goal,Restricted Area,Center(C),Less Than 8 ft.,3,-5,34,1,1,20241204,BKN,IND
Shot Chart Detail,0022400320,415,1630169,Tyrese Haliburton,1610612754,Indiana Pacers,3,3,59,Made Shot,Running Pull-Up Jump Shot,3PT Field Goal,Above the Break 3,Center(C),24+ ft.,26,-17,263,1,1,20241204,BKN,IND
Shot Chart Detail,0022400320,454,1630169,Tyrese Haliburton,1610612754,Indiana Pacers,3,1,25,Made Shot,Driving Floating Jump Shot,2PT Field Goal,In The Paint (Non-RA),Center(C),8-16 ft.,8,2,80,1,1,20241204,BKN,IND
Shot Chart Detail,0022400320,569,1630169,Tyrese Haliburton,1610612754,Indiana Pacers,4,5,33,Made Shot,Floating Jump shot,2PT Field Goal,Mid-Range,Center(C),16-24 ft.,17,4,178,1,1,20241204,BKN,IND
Shot Chart Detail,0022400320,584,1630169,Tyrese Haliburton,1610612754,Indiana Pacers,4,4,5,Missed Shot,Pullup Jump shot,3PT Field Goal,Above the Break 3,Left Side Center(LC),24+ ft.,26,-92,250,1,0,20241204,BKN,IND
Shot Chart Detail,0022400320,641,1630169,Tyrese Haliburton,1610612754,Indiana Pacers,4,0,27,Missed Shot,Pullup Jump shot,3PT Field Goal,Above the Break 3,Center(C),24+ ft.,25,47,247,1,0,20241204,BKN,IND
Shot Chart Detail,0022400336,32,1630169,Tyrese Haliburton,1610612754,Indiana Pacers,1,8,53,Made Shot,Driving Floating Jump Shot,2PT Field Goal,In The Paint (Non-RA),Center(C),Less Than 8 ft.,7,7,73,1,1,20241206,CHI,IND
Shot Chart Detail,0022400336,36,1630169,Tyrese Haliburton,1610612754,Indiana Pacers,1,8,30,Missed Shot,Driving Floating Bank Jump Shot,2PT Field Goal,Mid-Range,Left Side(L),8-16 ft.,13,-120,62,1,0,20241206,CHI,IND
Shot Chart Detail,0022400336,67,1630169,Tyrese Haliburton,1610612754,Indiana Pacers,1,6,9,Made Shot,Driving Floating Bank Jump Shot,2PT Field Goal,Restricted Area,Center(C),Less Than 8 ft.,2,21,11,1,1,20241206,CHI,IND
Shot Chart Detail,0022400336,83,1630169,Tyrese Haliburton,1610612754,Indiana Pacers,1,4,44,Made Shot,Step Back Jump shot,2PT Field Goal,Mid-Range,Right Side(R),16-24 ft.,18,151,105,1,1,20241206,CHI,IND
Shot Chart Detail,0022400336,97,1630169,Tyrese Haliburton,1610612754,Indiana Pacers,1,4,10,Made Shot,Running Pull-Up Jump Shot,3PT Field Goal,Above the Break 3,Center(C),24+ ft.,28,78,271,1,1,20241206,CHI,IND
Shot Chart Detail,0022400336,100,1630169,Tyrese Haliburton,1610612754,Indiana Pacers,1,3,56,Missed Shot,Running Pull-Up Jump Shot,3PT Field Goal,Above the Break 3,Center(C),24+ ft.,26,34,264,1,0,20241206,CHI,IND
Shot Chart Detail,0022400336,242,1630169,Tyrese Haliburton,1610612754,Indiana Pacers,2,5,9,Made Shot,Step Back Jump shot,3PT Field Goal,Above the Break 3,Right Side Center(RC),24+ ft.,26,156,213,1,1,20241206,CHI,IND
Shot Chart Detail,0022400336,249,1630169,Tyrese Haliburton,1610612754,Indiana Pacers,2,4,31,Missed Shot,Step Back Jump shot,3PT Field Goal,Right Corner 3,Right Side(R),24+ ft.,23,233,36,1,0,20241206,CHI,IND
Shot Chart Detail,0022400336,259,1630169,Tyrese Haliburton,1610612754,Indiana Pacers,2,4,5,Missed Shot,Running Pull-Up Jump Shot,3PT Field Goal,Above the Break 3,Center(C),24+ ft.,25,18,251,1,0,20241206,CHI,IND
Shot Chart Detail,0022400336,302,1630169,Tyrese Haliburton,1610612754,Indiana Pacers,2,0,40,Missed Shot,Driving Layup Shot,2PT Field Goal,Restricted Area,Center(C),Less Than 8 ft.,1,2,14,1,0,20241206,CHI,IND
Shot Chart Detail,0022400336,380,1630169,Tyrese Haliburton,1610612754,Indiana Pacers,3,7,6,Made Shot,Step Back Jump shot,3PT Field Goal,Right Corner 3,Right Side(R),24+ ft.,23,229,22,1,1,20241206,CHI,IND
Shot Chart Detail,0022400336,428,1630169,Tyrese Haliburton,1610612754,Indiana Pacers,3,4,10,Missed Shot,Jump Shot,3PT Field Goal,Above the Break 3,Left Side Center(LC),24+ ft.,28,-180,222,1,0,20241206,CHI,IND
Shot Chart Detail,0022400336,432,1630169,Tyrese Haliburton,1610612754,Indiana Pacers,3,3,46,Missed Shot,Driving Layup Shot,2PT Field Goal,In The Paint (Non-RA),Center(C),Less Than 8 ft.,5,-29,47,1,0,20241206,CHI,IND
Shot Chart Detail,0022400336,546,1630169,Tyrese Haliburton,1610612754,Indiana Pacers,4,8,26,Made Shot,Step Back Jump shot,3PT Field Goal,Above the Break 3,Center(C),24+ ft.,24,-1,249,1,1,20241206,CHI,IND
Shot Chart Detail,0022400336,562,1630169,Tyrese Haliburton,1610612754,Indiana Pacers,4,6,33,Made Shot,Pullup Jump shot,3PT Field Goal,Above the Break 3,Right Side Center(RC),24+ ft.,26,148,215,1,1,20241206,CHI,IND
Shot Chart Detail,0022400336,574,1630169,Tyrese Haliburton,1610612754,Indiana Pacers,4,5,51,Missed Shot,Turnaround Jump Shot,2PT Field Goal,Mid-Range,Right Side(R),16-24 ft.,21,211,-1,1,0,20241206,CHI,IND
Shot Chart Detail,0022400336,578,1630169,Tyrese Haliburton,1610612754,Indiana Pacers,4,5,25,Made Shot,Step Back Jump shot,2PT Field Goal,Mid-Range,Right Side(R),8-16 ft.,15,97,121,1,1,20241206,CHI,IND
Shot Chart Detail,0022400349,20,1630169,Tyrese Haliburton,1610612754,Indiana Pacers,1,10,25,Missed Shot,Pullup Jump shot,2PT Field Goal,Mid-Range,Center(C),16-24 ft.,19,17,195,1,0,20241208,IND,CHA
Shot Chart Detail,0022400349,29,1630169,Tyrese Haliburton,1610612754,Indiana Pacers,1,9,51,Missed Shot,Pullup Jump shot,3PT Field Goal,Above the Break 3,Center(C),24+ ft.,27,-76,265,1,0,20241208,IND,CHA
Shot Chart Detail,0022400349,350,1630169,Tyrese Haliburton,1610612754,Indiana Pacers,3,10,21,Missed Shot,Driving Floating Jump Shot,2PT Field Goal,In The Paint (Non-RA),Right Side(R),8-16 ft.,11,78,82,1,0,20241208,IND,CHA
Shot Chart Detail,0022400349,352,1630169,Tyrese Haliburton,1610612754,Indiana Pacers,3,10,8,Made Shot,Driving Floating Jump Shot,2PT Field Goal,In The Paint (Non-RA),Center(C),8-16 ft.,11,13,110,1,1,20241208,IND,CHA
Shot Chart Detail,0022400349,355,1630169,Tyrese Haliburton,1610612754,Indiana Pacers,3,9,38,Made Shot,Driving Floating Jump Shot,2PT Field Goal,Mid-Range,Center(C),8-16 ft.,15,-40,147,1,1,20241208,IND,CHA
Shot Chart Detail,0022400349,377,1630169,Tyrese Haliburton,1610612754,Indiana Pacers,3,7,51,Missed Shot,Pullup Jump shot,3PT Field Goal,Above the Break 3,Left Side Center(LC),24+ ft.,26,-225,138,1,0,20241208,IND,CHA
Shot Chart Detail,0022400349,414,1630169,Tyrese Haliburton,1610612754,Indiana Pacers,3,5,4,Made Shot,Turnaround Jump Shot,2PT Field Goal,Mid-Range,Right Side Center(RC),16-24 ft.,17,89,151,1,1,20241208,IND,CHA
Shot Chart Detail,0022400349,476,1630169,Tyrese Haliburton,1610612754,Indiana Pacers,3,0,36,Missed Shot,Step Back Jump shot,3PT Field Goal,Above the Break 3,Right Side Center(RC),24+ ft.,25,212,143,1,0,20241208,IND,CHA
Shot Chart Detail,0022400349,606,1630169,Tyrese Haliburton,1610612754,Indiana Pacers,4,3,8,Missed Shot,Step Back Jump shot,3PT Field Goal,Above the Break 3,Center(C),24+ ft.,24,36,247,1,0,20241208,IND,CHA
Shot Chart Detail,0022400349,635,1630169,Tyrese Haliburton,1610612754,Indiana Pacers,4,0,33,Made Shot,Pullup Jump shot,2PT Field Goal,Mid-Range,Right Side Center(RC),16-24 ft.,17,112,134,1,1,20241208,IND,CHA
Shot Chart Detail,0022400369,69,1630169,Tyrese Haliburton,1610612754,Indiana Pacers,1,6,13,Missed Shot,Step Back Jump shot,3PT Field Goal,Above the Break 3,Left Side Center(LC),24+ ft.,26,-153,215,1,0,20241219,PHX,IND
Shot Chart Detail,0022400369,76,1630169,Tyrese Haliburton,1610612754,Indiana Pacers,1,5,40,Made Shot,Jump Shot,3PT Field Goal,Above the Break 3,Center(C),24+ ft.,26,7,264,1,1,20241219,PHX,IND
Shot Chart Detail,0022400369,278,1630169,Tyrese Haliburton,1610612754,Indiana Pacers,2,4,30,Missed Shot,Running Jump Shot,3PT Field Goal,Above the Break 3,Left Side Center(LC),24+ ft.,26,-224,139,1,0,20241219,PHX,IND
Shot Chart Detail,0022400369,331,1630169,Tyrese Haliburton,1610612754,Indiana Pacers,2,0,4,Made Shot,Pullup Jump shot,3PT Field Goal,Above the Break 3,Right Side Center(RC),24+ ft.,27,102,254,1,1,20241219,PHX,IND
Shot Chart Detail,0022400369,373,1630169,Tyrese Haliburton,1610612754,Indiana Pacers,3,9,48,Made Shot,Running Pull-Up Jump Shot,3PT Field Goal,Above the Break 3,Left Side Center(LC),24+ ft.,24,-162,189,1,1,20241219,PHX,IND
Shot Chart Detail,0022400369,414,1630169,Tyrese Haliburton,1610612754,Indiana Pacers,3,6,2,Made Shot,Step Back Jump shot,3PT Field Goal,Above the Break 3,Center(C),24+ ft.,25,-67,250,1,1,20241219,PHX,IND
Shot Chart Detail,0022400369,624,1630169,Tyrese Haliburton,1610612754,Indiana Pacers,4,5,47,Missed Shot,Running Pull-Up Jump Shot,3PT Field Goal,Above the Break 3,Right Side Center(RC),24+ ft.,27,143,235,1,0,20241219,PHX,IND
Shot Chart Detail,0022400369,645,1630169,Tyrese Haliburton,1610612754,Indiana Pacers,4,2,51,Missed Shot,Pullup Jump shot,3PT Field Goal,Above the Break 3,Right Side Center(RC),24+ ft.,27,154,227,1,0,20241219,PHX,IND
Shot Chart Detail,0022400369,660,1630169,Tyrese Haliburton,1610612754,Indiana Pacers,4,0,54,Missed Shot,Jump Shot,3PT Field Goal,Above the Break 3,Right Side Center(RC),24+ ft.,26,197,172,1,0,20241219,PHX,IND
Shot Chart Detail,0022400389,46,1630169,Tyrese Haliburton,1610612754,Indiana Pacers,1,7,41,Missed Shot,Jump Shot,3PT Field Goal,Above the Break 3,Center(C),24+ ft.,28,-12,284,1,0,20241222,SAC,IND
Shot Chart Detail,0022400389,51,1630169,Tyrese Haliburton,1610612754,Indiana Pacers,1,7,10,Missed Shot,Step Back Jump shot,3PT Field Goal,Above the Break 3,Right Side Center(RC),24+ ft.,26,161,213,1,0,20241222,SAC,IND
Shot Chart Detail,0022400389,64,1630169,Tyrese Haliburton,1610612754,Indiana Pacers,1,5,49,Missed Shot,Step Back Jump shot,3PT Field Goal,Above the Break 3,Left Side Center(LC),24+ ft.,27,-132,241,1,0,20241222,SAC,IND
Shot Chart Detail,0022400389,89,1630169,Tyrese Haliburton,1610612754,Indiana Pacers,1,4,48,Missed Shot,Running Pull-Up Jump Shot,3PT Field Goal,Above the Break 3,Left Side Center(LC),24+ ft.,27,-147,227,1,0,20241222,SAC,IND
Shot Chart Detail,0022400389,229,1630169,Tyrese Haliburton,1610612754,Indiana Pacers,2,5,11,Made Shot,Step Back Jump shot,3PT Field Goal,Above the Break 3,Right Side Center(RC),24+ ft.,28,152,246,1,1,20241222,SAC,IND
Shot Chart Detail,0022400389,271,1630169,Tyrese Haliburton,1610612754,Indiana Pacers,2,0,55,Made Shot,Jump Shot,3PT Field Goal,Above the Break 3,Right Side Center(RC),24+ ft.,29,151,248,1,1,20241222,SAC,IND
Shot Chart Detail,0022400389,351,1630169,Tyrese Haliburton,1610612754,Indiana Pacers,3,7,55,Made Shot,Jump Shot,3PT Field Goal,Above the Break 3,Left Side Center(LC),24+ ft.,27,-205,186,1,1,20241222,SAC,IND
Shot Chart Detail,0022400389,390,1630169,Tyrese Haliburton,1610612754,Indiana Pacers,3,5,53,Made Shot,Step Back Jump shot,3PT Field Goal,Above the Break 3,Right Side Center(RC),24+ ft.,27,154,225,1,1,20241222,SAC,IND
Shot Chart Detail,0022400389,563,1630169,Tyrese Haliburton,1610612754,Indiana Pacers,4,6,11,Missed Shot,Pullup Jump shot,3PT Field Goal,Above the Break 3,Right Side Center(RC),24+ ft.,27,110,253,1,0,20241222,SAC,IND
Shot Chart Detail,0022400389,577,1630169,Tyrese Haliburton,1610612754,Indiana Pacers,4,4,52,Made Shot,Driving Layup Shot,2PT Field Goal,In The Paint (Non-RA),Center(C),Less Than 8 ft.,4,1,44,1,1,20241222,SAC,IND
Shot Chart Detail,0022400403,37,1630169,Tyrese Haliburton,1610612754,Indiana Pacers,1,9,0,Missed Shot,Pullup Jump shot,3PT Field Goal,Above the Break 3,Right Side Center(RC),24+ ft.,27,152,227,1,0,20241223,GSW,IND
Shot Chart Detail,0022400403,66,1630169,Tyrese Haliburton,1610612754,Indiana Pacers,1,6,44,Made Shot,Running Dunk Shot,2PT Field Goal,In The Paint (Non-RA),Center(C),Less Than 8 ft.,4,43,25,1,1,20241223,GSW,IND
Shot Chart Detail,0022400403,79,1630169,Tyrese Haliburton,1610612754,Indiana Pacers,1,5,52,Made Shot,Step Back Jump shot,3PT Field Goal,Above the Break 3,Left Side Center(LC),24+ ft.,26,-188,186,1,1,20241223,GSW,IND
Shot Chart Detail,0022400403,299,1630169,Tyrese Haliburton,1610612754,Indiana Pacers,2,2,45,Missed Shot,Pullup Jump shot,3PT Field Goal,Above the Break 3,Left Side Center(LC),24+ ft.,29,-197,221,1,0,20241223,GSW,IND
Shot Chart Detail,0022400403,310,1630169,Tyrese Haliburton,1610612754,Indiana Pacers,2,2,11,Made Shot,Driving Finger Roll Layup Shot,2PT Field Goal,In The Paint (Non-RA),Center(C),Less Than 8 ft.,5,42,29,1,1,20241223,GSW,IND
Shot Chart Detail,0022400403,313,1630169,Tyrese Haliburton,1610612754,Indiana Pacers,2,1,53,Made Shot,Running Pull-Up Jump Shot,3PT Field Goal,Above the Break 3,Center(C),24+ ft.,26,67,256,1,1,20241223,GSW,IND
Shot Chart Detail,0022400403,367,1630169,Tyrese Haliburton,1610612754,Indiana Pacers,3,8,33,Missed Shot,Running Jump Shot,3PT Field Goal,Above the Break 3,Left Side Center(LC),24+ ft.,26,-210,159,1,0,20241223,GSW,IND
Shot Chart Detail,0022400403,419,1630169,Tyrese Haliburton,1610612754,Indiana Pacers,3,5,1,Made Shot,Step Back Jump shot,2PT Field Goal,Mid-Range,Right Side(R),16-24 ft.,19,157,111,1,1,20241223,GSW,IND
Shot Chart Detail,0022400403,447,1630169,Tyrese Haliburton,1610612754,Indiana Pacers,3,2,50,Made Shot,Turnaround Fadeaway shot,2PT Field Goal,Mid-Range,Right Side Center(RC),16-24 ft.,18,78,172,1,1,20241223,GSW,IND
Shot Chart Detail,0022400403,494,1630169,Tyrese Haliburton,1610612754,Indiana Pacers,3,0,1,Missed Shot,Pullup Jump shot,3PT Field Goal,Above the Break 3,Center(C),24+ ft.,33,-1,333,1,0,20241223,GSW,IND
Shot Chart Detail,0022400403,627,1630169,Tyrese Haliburton,1610612754,Indiana Pacers,4,1,56,Missed Shot,Step Back Jump shot,3PT Field Goal,Above the Break 3,Right Side Center(RC),24+ ft.,27,208,183,1,0,20241223,GSW,IND
Shot Chart Detail,0022400410,65,1630169,Tyrese Haliburton,1610612754,Indiana Pacers,1,7,14,Missed Shot,Jump Shot,3PT Field Goal,Above the Break 3,Left Side Center(LC),24+ ft.,28,-112,264,1,0,20241226,IND,OKC
Shot Chart Detail,0022400410,260,1630169,Tyrese Haliburton,1610612754,Indiana Pacers,2,4,52,Missed Shot,Driving Floating Bank Jump Shot,2PT Field Goal,Mid-Range,Right Side(R),8-16 ft.,9,87,32,1,0,20241226,IND,OKC
Shot Chart Detail,0022400410,352,1630169,Tyrese Haliburton,1610612754,Indiana Pacers,3,9,50,Missed Shot,Driving Floating Jump Shot,2PT Field Goal,In The Paint (Non-RA),Center(C),8-16 ft.,13,-20,135,1,0,20241226,IND,OKC
Shot Chart Detail,0022400410,392,1630169,Tyrese Haliburton,1610612754,Indiana Pacers,3,6,52,Made Shot,Driving Floating Jump Shot,2PT Field Goal,In The Paint (Non-RA),Center(C),8-16 ft.,9,45,88,1,1,20241226,IND,OKC
Shot Chart Detail,0022400410,585,1630169,Tyrese Haliburton,1610612754,Indiana Pacers,4,4,28,Missed Shot,Jump Shot,3PT Field Goal,Above the Break 3,Left Side Center(LC),24+ ft.,27,-153,225,1,0,20241226,IND,OKC
Shot Chart Detail,0022400410,596,1630169,Tyrese Haliburton,1610612754,Indiana Pacers,4,3,42,Made Shot,Driving Floating Jump Shot,2PT Field Goal,In The Paint (Non-RA),Center(C),Less Than 8 ft.,7,-11,77,1,1,20241226,IND,OKC
Shot Chart Detail,0022400420,37,1630169,Tyrese Haliburton,1610612754,Indiana Pacers,1,8,16,Missed Shot,Pullup Jump shot,3PT Field Goal,Above the Break 3,Right Side Center(RC),24+ ft.,25,104,230,1,0,20241227,BOS,IND
Shot Chart Detail,0022400420,41,1630169,Tyrese Haliburton,1610612754,Indiana Pacers,1,7,59,Missed Shot,Step Back Jump shot,3PT Field Goal,Above the Break 3,Right Side Center(RC),24+ ft.,25,178,184,1,0,20241227,BOS,IND
Shot Chart Detail,0022400420,52,1630169,Tyrese Haliburton,1610612754,Indiana Pacers,1,6,54,Made Shot,Pullup Jump shot,2PT Field Goal,Mid-Range,Left Side Center(LC),16-24 ft.,21,-138,162,1,1,20241227,BOS,IND
Shot Chart Detail,0022400420,80,1630169,Tyrese Haliburton,1610612754,Indiana Pacers,1,4,39,Missed Shot,Running Pull-Up Jump Shot,3PT Field Goal,Above the Break 3,Right Side Center(RC),24+ ft.,25,206,144,1,0,20241227,BOS,IND
Shot Chart Detail,0022400420,235,1630169,Tyrese Haliburton,1610612754,Indiana Pacers,2,6,12,Made Shot,Jump Shot,3PT Field Goal,Above the Break 3,Left Side Center(LC),24+ ft.,26,-174,196,1,1,20241227,BOS,IND
Shot Chart Detail,0022400420,255,1630169,Tyrese Haliburton,1610612754,Indiana Pacers,2,5,10,Made Shot,Pullup Jump shot,3PT Field Goal,Above the Break 3,Right Side Center(RC),24+ ft.,25,181,181,1,1,20241227,BOS,IND
Shot Chart Detail,0022400420,264,1630169,Tyrese Haliburton,1610612754,Indiana Pacers,2,4,32,Missed Shot,Step Back Jump shot,3PT Field Goal,Above the Break 3,Right Side Center(RC),24+ ft.,24,202,136,1,0,20241227,BOS,IND
Shot Chart Detail,0022400420,271,1630169,Tyrese Haliburton,1610612754,Indiana Pacers,2,3,53,Missed Shot,Driving Layup Shot,2PT Field Goal,Restricted Area,Center(C),Less Than 8 ft.,2,-23,12,1,0,20241227,BOS,IND
Shot Chart Detail,0022400420,296,1630169,Tyrese Haliburton,1610612754,Indiana Pacers,2,1,37,Made Shot,Pullup Jump shot,2PT Field Goal,Mid-Range,Left Side Center(LC),16-24 ft.,18,-105,151,1,1,20241227,BOS,IND
Shot Chart Detail,0022400420,358,1630169,Tyrese Haliburton,1610612754,Indiana Pacers,3,8,51,Made Shot,Step Back Jump shot,2PT Field Goal,Mid-Range,Center(C),8-16 ft.,15,1,156,1,1,20241227,BOS,IND
Shot Chart Detail,0022400420,367,1630169,Tyrese Haliburton,1610612754,Indiana Pacers,3,7,57,Missed Shot,Step Back Jump shot,3PT Field Goal,Above the Break 3,Right Side Center(RC),24+ ft.,24,140,203,1,0,20241227,BOS,IND
Shot Chart Detail,0022400420,382,1630169,Tyrese Haliburton,1610612754,Indiana Pacers,3,6,54,Made Shot,Step Back Jump shot,3PT Field Goal,Above the Break 3,Right Side Center(RC),24+ ft.,26,147,221,1,1,20241227,BOS,IND
Shot Chart Detail,0022400420,385,1630169,Tyrese Haliburton,1610612754,Indiana Pacers,3,6,20,Missed Shot,Driving Layup Shot,2PT Field Goal,Restricted Area,Center(C),Less Than 8 ft.,3,-34,10,1,0,20241227,BOS,IND
Shot Chart Detail,0022400437,9,1630169,Tyrese Haliburton,1610612754,Indiana Pacers,1,11,22,Made Shot,Driving Floating Bank Jump Shot,2PT Field Goal,In The Paint (Non-RA),Center(C),Less Than 8 ft.,6,54,33,1,1,20241229,BOS,IND
Shot Chart Detail,0022400437,24,1630169,Tyrese Haliburton,1610612754,Indiana Pacers,1,9,23,Made Shot,Driving Layup Shot,2PT Field Goal,Restricted Area,Center(C),Less Than 8 ft.,3,-28,13,1,1,20241229,BOS,IND
Shot Chart Detail,0022400437,43,1630169,Tyrese Haliburton,1610612754,Indiana Pacers,1,7,21,Made Shot,Pullup Jump shot,2PT Field Goal,Mid-Range,Center(C),16-24 ft.,18,49,175,1,1,20241229,BOS,IND
Shot Chart Detail,0022400437,49,1630169,Tyrese Haliburton,1610612754,Indiana Pacers,1,6,43,Missed Shot,Fadeaway Jump Shot,2PT Field Goal,Mid-Range,Right Side(R),8-16 ft.,15,143,55,1,0,20241229,BOS,IND
Shot Chart Detail,0022400437,222,1630169,Tyrese Haliburton,1610612754,Indiana Pacers,2,7,7,Made Shot,Step Back Jump shot,3PT Field Goal,Above the Break 3,Center(C),24+ ft.,27,-82,259,1,1,20241229,BOS,IND
Shot Chart Detail,0022400437,251,1630169,Tyrese Haliburton,1610612754,Indiana Pacers,2,5,16,Made Shot,Driving Floating Jump Shot,2PT Field Goal,In The Paint (Non-RA),Right Side(R),8-16 ft.,12,66,111,1,1,20241229,BOS,IND
Shot Chart Detail,0022400437,270,1630169,Tyrese Haliburton,1610612754,Indiana Pacers,2,2,24,Missed Shot,Step Back Jump shot,3PT Field Goal,Right Corner 3,Right Side(R),24+ ft.,24,234,83,1,0,20241229,BOS,IND
Shot Chart Detail,0022400437,292,1630169,Tyrese Haliburton,1610612754,Indiana Pacers,2,0,35,Made Shot,Driving Layup Shot,2PT Field Goal,In The Paint (Non-RA),Center(C),Less Than 8 ft.,4,34,32,1,1,20241229,BOS,IND
Shot Chart Detail,0022400437,303,1630169,Tyrese Haliburton,1610612754,Indiana Pacers,3,11,41,Made Shot,Driving Floating Jump Shot,2PT Field Goal,In The Paint (Non-RA),Right Side(R),8-16 ft.,9,60,72,1,1,20241229,BOS,IND
Shot Chart Detail,0022400437,309,1630169,Tyrese Haliburton,1610612754,Indiana Pacers,3,11,2,Made Shot,Driving Floating Jump Shot,2PT Field Goal,In The Paint (Non-RA),Center(C),Less Than 8 ft.,5,54,13,1,1,20241229,BOS,IND
Shot Chart Detail,0022400437,326,1630169,Tyrese Haliburton,1610612754,Indiana Pacers,3,9,21,Missed Shot,Pullup Jump shot,3PT Field Goal,Above the Break 3,Right Side Center(RC),24+ ft.,25,92,243,1,0,20241229,BOS,IND
Shot Chart Detail,0022400437,363,1630169,Tyrese Haliburton,1610612754,Indiana Pacers,3,6,22,Missed Shot,Driving Layup Shot,2PT Field Goal,In The Paint (Non-RA),Center(C),Less Than 8 ft.,4,43,19,1,0,20241229,BOS,IND
Shot Chart Detail,0022400437,380,1630169,Tyrese Haliburton,1610612754,Indiana Pacers,3,5,13,Made Shot,Driving Reverse Layup Shot,2PT Field Goal,Restricted Area,Center(C),Less Than 8 ft.,3,27,15,1,1,20241229,BOS,IND
Shot Chart Detail,0022400437,414,1630169,Tyrese Haliburton,1610612754,Indiana Pacers,3,2,44,Missed Shot,Running Jump Shot,3PT Field Goal,Right Corner 3,Right Side(R),24+ ft.,23,228,35,1,0,20241229,BOS,IND
Shot Chart Detail,0022400437,444,1630169,Tyrese Haliburton,1610612754,Indiana Pacers,3,0,3,Missed Shot,Driving Floating Jump Shot,2PT Field Goal,In The Paint (Non-RA),Center(C),Less Than 8 ft.,5,-45,36,1,0,20241229,BOS,IND
Shot Chart Detail,0022400437,531,1630169,Tyrese Haliburton,1610612754,Indiana Pacers,4,7,13,Made Shot,Driving Layup Shot,2PT Field Goal,Restricted Area,Center(C),Less Than 8 ft.,3,28,27,1,1,20241229,BOS,IND
Shot Chart Detail,0022400437,556,1630169,Tyrese Haliburton,1610612754,Indiana Pacers,4,5,9,Missed Shot,Running Pull-Up Jump Shot,3PT Field Goal,Above the Break 3,Right Side Center(RC),24+ ft.,25,156,204,1,0,20241229,BOS,IND
Shot Chart Detail,0022400437,589,1630169,Tyrese Haliburton,1610612754,Indiana Pacers,4,2,34,Made Shot,Driving Layup Shot,2PT Field Goal,Restricted Area,Center(C),Less Than 8 ft.,2,20,22,1,1,20241229,BOS,IND
Shot Chart Detail,0022400437,601,1630169,Tyrese Haliburton,1610612754,Indiana Pacers,4,2,14,Missed Shot,Pullup Jump shot,3PT Field Goal,Above the Break 3,Right Side Center(RC),24+ ft.,25,86,245,1,0,20241229,BOS,IND
Shot Chart Detail,0022400450,76,1630169,Tyrese Haliburton,1610612754,Indiana Pacers,1,6,11,Made Shot,Pullup Jump shot,2PT Field Goal,Mid-Range,Right Side(R),16-24 ft.,18,154,107,1,1,20241231,IND,MIL
Shot Chart Detail,0022400450,239,1630169,Tyrese Haliburton,1610612754,Indiana Pacers,2,7,31,Made Shot,Driving Floating Jump Shot,2PT Field Goal,Mid-Range,Right Side(R),8-16 ft.,15,123,92,1,1,20241231,IND,MIL
Shot Chart Detail,0022400450,256,1630169,Tyrese Haliburton,1610612754,Indiana Pacers,2,6,7,Missed Shot,Step Back Jump shot,3PT Field Goal,Above the Break 3,Center(C),24+ ft.,28,75,273,1,0,20241231,IND,MIL
Shot Chart Detail,0022400450,296,1630169,Tyrese Haliburton,1610612754,Indiana Pacers,2,3,15,Missed Shot,Pullup Jump shot,2PT Field Goal,Mid-Range,Right Side(R),16-24 ft.,18,159,94,1,0,20241231,IND,MIL
Shot Chart Detail,0022400450,336,1630169,Tyrese Haliburton,1610612754,Indiana Pacers,2,1,4,Missed Shot,Driving Floating Bank Jump Shot,2PT Field Goal,Mid-Range,Right Side(R),8-16 ft.,12,107,67,1,0,20241231,IND,MIL
Shot Chart Detail,0022400450,344,1630169,Tyrese Haliburton,1610612754,Indiana Pacers,2,0,4,Missed Shot,Pullup Jump shot,3PT Field Goal,Above the Break 3,Right Side Center(RC),24+ ft.,27,91,259,1,0,20241231,IND,MIL
Shot Chart Detail,0022400450,362,1630169,Tyrese Haliburton,1610612754,Indiana Pacers,3,11,14,Missed Shot,Floating Jump shot,2PT Field Goal,In The Paint (Non-RA),Left Side(L),8-16 ft.,12,-74,100,1,0,20241231,IND,MIL
Shot Chart Detail,0022400450,375,1630169,Tyrese Haliburton,1610612754,Indiana Pacers,3,10,13,Missed Shot,Step Back Jump shot,3PT Field Goal,Above the Break 3,Right Side Center(RC),24+ ft.,26,224,142,1,0,20241231,IND,MIL
Shot Chart Detail,0022400450,478,1630169,Tyrese Haliburton,1610612754,Indiana Pacers,3,3,16,Missed Shot,Driving Floating Jump Shot,2PT Field Goal,In The Paint (Non-RA),Center(C),Less Than 8 ft.,5,-23,55,1,0,20241231,IND,MIL
Shot Chart Detail,0022400450,483,1630169,Tyrese Haliburton,1610612754,Indiana Pacers,3,2,39,Made Shot,Jump Shot,3PT Field Goal,Above the Break 3,Center(C),24+ ft.,26,-15,262,1,1,20241231,IND,MIL
Shot Chart Detail,0022400450,498,1630169,Tyrese Haliburton,1610612754,Indiana Pacers,3,1,41,Missed Shot,Driving Floating Jump Shot,2PT Field Goal,Mid-Range,Center(C),16-24 ft.,16,-4,163,1,0,20241231,IND,MIL
Shot Chart Detail,0022400450,607,1630169,Tyrese Haliburton,1610612754,Indiana Pacers,4,6,13,Missed Shot,Jump Shot,3PT Field Goal,Above the Break 3,Left Side Center(LC),24+ ft.,24,-217,105,1,0,20241231,IND,MIL
Shot Chart Detail,0022400450,676,1630169,Tyrese Haliburton,1610612754,Indiana Pacers,4,0,47,Missed Shot,Pullup Jump shot,3PT Field Goal,Above the Break 3,Right Side Center(RC),24+ ft.,27,210,173,1,0,20241231,IND,MIL
Shot Chart Detail,0022400463,22,1630169,Tyrese Haliburton,1610612754,Indiana Pacers,1,9,33,Made Shot,Step Back Jump shot,3PT Field Goal,Above the Break 3,Center(C),24+ ft.,25,-50,255,1,1,20250102,MIA,IND
Shot Chart Detail,0022400463,27,1630169,Tyrese Haliburton,1610612754,Indiana Pacers,1,9,5,Made Shot,Jump Shot,3PT Field Goal,Left Corner 3,Left Side(L),24+ ft.,23,-234,50,1,1,20250102,MIA,IND
Shot Chart Detail,0022400463,40,1630169,Tyrese Haliburton,1610612754,Indiana Pacers,1,7,49,Made Shot,Jump Shot,3PT Field Goal,Above the Break 3,Center(C),24+ ft.,25,-59,245,1,1,20250102,MIA,IND
Shot Chart Detail,0022400463,58,1630169,Tyrese Haliburton,1610612754,Indiana Pacers,1,6,33,Missed Shot,Running Pull-Up Jump Shot,3PT Field Goal,Above the Break 3,Right Side Center(RC),24+ ft.,27,153,230,1,0,20250102,MIA,IND
Shot Chart Detail,0022400463,109,1630169,Tyrese Haliburton,1610612754,Indiana Pacers,1,3,0,Made Shot,Floating Jump shot,2PT Field Goal,In The Paint (Non-RA),Center(C),Less Than 8 ft.,7,-44,57,1,1,20250102,MIA,IND
Shot Chart Detail,0022400463,114,1630169,Tyrese Haliburton,1610612754,Indiana Pacers,1,2,31,Made Shot,Pullup Jump shot,2PT Field Goal,In The Paint (Non-RA),Center(C),8-16 ft.,13,59,126,1,1,20250102,MIA,IND
Shot Chart Detail,0022400463,122,1630169,Tyrese Haliburton,1610612754,Indiana Pacers,1,1,27,Missed Shot,Step Back Jump shot,3PT Field Goal,Above the Break 3,Right Side Center(RC),24+ ft.,28,212,197,1,0,20250102,MIA,IND
Shot Chart Detail,0022400463,124,1630169,Tyrese Haliburton,1610612754,Indiana Pacers,1,1,24,Made Shot,Jump Shot,3PT Field Goal,Above the Break 3,Center(C),24+ ft.,26,17,269,1,1,20250102,MIA,IND
Shot Chart Detail,0022400463,138,1630169,Tyrese Haliburton,1610612754,Indiana Pacers,1,0,37,Missed Shot,Pullup Jump shot,3PT Field Goal,Above the Break 3,Right Side Center(RC),24+ ft.,24,172,180,1,0,20250102,MIA,IND
Shot Chart Detail,0022400463,289,1630169,Tyrese Haliburton,1610612754,Indiana Pacers,2,0,22,Missed Shot,Jump Shot,3PT Field Goal,Above the Break 3,Center(C),24+ ft.,27,-82,267,1,0,20250102,MIA,IND
Shot Chart Detail,0022400463,308,1630169,Tyrese Haliburton,1610612754,Indiana Pacers,3,10,31,Missed Shot,Pullup Jump shot,3PT Field Goal,Above the Break 3,Right Side Center(RC),24+ ft.,27,86,257,1,0,20250102,MIA,IND
Shot Chart Detail,0022400463,359,1630169,Tyrese Haliburton,1610612754,Indiana Pacers,3,5,57,Made Shot,Pullup Jump shot,2PT Field Goal,In The Paint (Non-RA),Center(C),8-16 ft.,15,74,133,1,1,20250102,MIA,IND
Shot Chart Detail,0022400463,374,1630169,Tyrese Haliburton,1610612754,Indiana Pacers,3,4,55,Made Shot,Pullup Jump shot,2PT Field Goal,Mid-Range,Center(C),16-24 ft.,16,-26,163,1,1,20250102,MIA,IND
Shot Chart Detail,0022400463,384,1630169,Tyrese Haliburton,1610612754,Indiana Pacers,3,4,32,Made Shot,Pullup Jump shot,3PT Field Goal,Above the Break 3,Center(C),24+ ft.,28,-29,279,1,1,20250102,MIA,IND
Shot Chart Detail,0022400463,396,1630169,Tyrese Haliburton,1610612754,Indiana Pacers,3,3,15,Missed Shot,Step Back Jump shot,3PT Field Goal,Right Corner 3,Right Side(R),24+ ft.,23,224,67,1,0,20250102,MIA,IND
Shot Chart Detail,0022400463,406,1630169,Tyrese Haliburton,1610612754,Indiana Pacers,3,2,21,Made Shot,Fadeaway Jump Shot,2PT Field Goal,Mid-Range,Right Side(R),16-24 ft.,17,173,29,1,1,20250102,MIA,IND
Shot Chart Detail,0022400463,424,1630169,Tyrese Haliburton,1610612754,Indiana Pacers,3,1,23,Made Shot,Running Pull-Up Jump Shot,3PT Field Goal,Above the Break 3,Right Side Center(RC),24+ ft.,26,148,217,1,1,20250102,MIA,IND
Shot Chart Detail,0022400463,529,1630169,Tyrese Haliburton,1610612754,Indiana Pacers,4,6,51,Missed Shot,Driving Layup Shot,2PT Field Goal,In The Paint (Non-RA),Center(C),Less Than 8 ft.,5,50,17,1,0,20250102,MIA,IND
Shot Chart Detail,0022400463,549,1630169,Tyrese Haliburton,1610612754,Indiana Pacers,4,5,14,Made Shot,Driving Finger Roll Layup Shot,2PT Field Goal,In The Paint (Non-RA),Center(C),Less Than 8 ft.,5,42,39,1,1,20250102,MIA,IND
Shot Chart Detail,0022400463,552,1630169,Tyrese Haliburton,1610612754,Indiana Pacers,4,4,28,Missed Shot,Step Back Jump shot,3PT Field Goal,Above the Break 3,Right Side Center(RC),24+ ft.,27,114,254,1,0,20250102,MIA,IND
Shot Chart Detail,0022400463,575,1630169,Tyrese Haliburton,1610612754,Indiana Pacers,4,2,19,Made Shot,Driving Layup Shot,2PT Field Goal,In The Paint (Non-RA),Center(C),Less Than 8 ft.,5,-39,39,1,1,20250102,MIA,IND
Shot Chart Detail,0022400480,28,1630169,Tyrese Haliburton,1610612754,Indiana Pacers,1,9,12,Made Shot,Driving Floating Jump Shot,2PT Field Goal,Mid-Range,Center(C),8-16 ft.,15,4,159,1,1,20250104,IND,PHX
Shot Chart Detail,0022400480,37,1630169,Tyrese Haliburton,1610612754,Indiana Pacers,1,8,14,Made Shot,Pullup Jump shot,2PT Field Goal,Mid-Range,Center(C),16-24 ft.,18,-27,185,1,1,20250104,IND,PHX
Shot Chart Detail,0022400480,71,1630169,Tyrese Haliburton,1610612754,Indiana Pacers,1,5,32,Made Shot,Step Back Jump shot,3PT Field Goal,Above the Break 3,Left Side Center(LC),24+ ft.,26,-116,239,1,1,20250104,IND,PHX
Shot Chart Detail,0022400480,95,1630169,Tyrese Haliburton,1610612754,Indiana Pacers,1,4,20,Missed Shot,Step Back Jump shot,3PT Field Goal,Above the Break 3,Left Side Center(LC),24+ ft.,25,-221,132,1,0,20250104,IND,PHX
Shot Chart Detail,0022400480,137,1630169,Tyrese Haliburton,1610612754,Indiana Pacers,1,1,11,Missed Shot,Pullup Jump shot,3PT Field Goal,Above the Break 3,Left Side Center(LC),24+ ft.,28,-148,241,1,0,20250104,IND,PHX
Shot Chart Detail,0022400480,150,1630169,Tyrese Haliburton,1610612754,Indiana Pacers,1,0,0,Missed Shot,Tip Layup Shot,2PT Field Goal,Restricted Area,Center(C),Less Than 8 ft.,0,0,0,1,0,20250104,IND,PHX
Shot Chart Detail,0022400480,294,1630169,Tyrese Haliburton,1610612754,Indiana Pacers,2,2,2,Missed Shot,Step Back Jump shot,3PT Field Goal,Above the Break 3,Right Side Center(RC),24+ ft.,28,89,272,1,0,20250104,IND,PHX
Shot Chart Detail,0022400480,312,1630169,Tyrese Haliburton,1610612754,Indiana Pacers,2,0,33,Missed Shot,Pullup Jump shot,3PT Field Goal,Above the Break 3,Right Side Center(RC),24+ ft.,28,170,225,1,0,20250104,IND,PHX
Shot Chart Detail,0022400480,349,1630169,Tyrese Haliburton,1610612754,Indiana Pacers,3,9,35,Made Shot,Jump Shot,3PT Field Goal,Left Corner 3,Left Side(L),24+ ft.,23,-237,1,1,1,20250104,IND,PHX
Shot Chart Detail,0022400480,353,1630169,Tyrese Haliburton,1610612754,Indiana Pacers,3,9,5,Missed Shot,Pullup Jump shot,2PT Field Goal,Mid-Range,Center(C),16-24 ft.,19,-20,190,1,0,20250104,IND,PHX
Shot Chart Detail,0022400480,395,1630169,Tyrese Haliburton,1610612754,Indiana Pacers,3,6,12,Missed Shot,Jump Shot,3PT Field Goal,Above the Break 3,Right Side Center(RC),24+ ft.,26,233,127,1,0,20250104,IND,PHX
Shot Chart Detail,0022400480,400,1630169,Tyrese Haliburton,1610612754,Indiana Pacers,3,5,45,Missed Shot,Step Back Jump shot,3PT Field Goal,Above the Break 3,Right Side Center(RC),24+ ft.,27,210,172,1,0,20250104,IND,PHX
Shot Chart Detail,0022400480,407,1630169,Tyrese Haliburton,1610612754,Indiana Pacers,3,5,27,Missed Shot,Driving Finger Roll Layup Shot,2PT Field Goal,In The Paint (Non-RA),Center(C),Less Than 8 ft.,5,34,39,1,0,20250104,IND,PHX
Shot Chart Detail,0022400480,424,1630169,Tyrese Haliburton,1610612754,Indiana Pacers,3,3,48,Missed Shot,Pullup Jump shot,2PT Field Goal,Mid-Range,Right Side(R),8-16 ft.,15,157,1,1,0,20250104,IND,PHX
Shot Chart Detail,0022400480,576,1630169,Tyrese Haliburton,1610612754,Indiana Pacers,4,7,9,Made Shot,Driving Finger Roll Layup Shot,2PT Field Goal,Restricted Area,Center(C),Less Than 8 ft.,3,29,27,1,1,20250104,IND,PHX
Shot Chart Detail,0022400480,595,1630169,Tyrese Haliburton,1610612754,Indiana Pacers,4,4,8,Made Shot,Pullup Jump shot,3PT Field Goal,Above the Break 3,Center(C),24+ ft.,30,-58,299,1,1,20250104,IND,PHX
Shot Chart Detail,0022400480,611,1630169,Tyrese Haliburton,1610612754,Indiana Pacers,4,2,54,Missed Shot,Step Back Jump shot,3PT Field Goal,Above the Break 3,Right Side Center(RC),24+ ft.,27,172,210,1,0,20250104,IND,PHX
Shot Chart Detail,0022400480,618,1630169,Tyrese Haliburton,1610612754,Indiana Pacers,4,2,26,Made Shot,Pullup Jump shot,3PT Field Goal,Above the Break 3,Center(C),24+ ft.,27,-64,265,1,1,20250104,IND,PHX
Shot Chart Detail,0022400480,626,1630169,Tyrese Haliburton,1610612754,Indiana Pacers,4,1,16,Made Shot,Step Back Jump shot,3PT Field Goal,Above the Break 3,Right Side Center(RC),24+ ft.,28,192,211,1,1,20250104,IND,PHX
Shot Chart Detail,0022400495,24,1630169,Tyrese Haliburton,1610612754,Indiana Pacers,1,9,54,Made Shot,Pullup Jump shot,3PT Field Goal,Above the Break 3,Center(C),24+ ft.,32,6,327,1,1,20250106,BKN,IND
Shot Chart Detail,0022400495,33,1630169,Tyrese Haliburton,1610612754,Indiana Pacers,1,8,41,Missed Shot,Running Jump Shot,3PT Field Goal,Above the Break 3,Left Side Center(LC),24+ ft.,25,-181,180,1,0,20250106,BKN,IND
Shot Chart Detail,0022400495,236,1630169,Tyrese Haliburton,1610612754,Indiana Pacers,2,4,36,Missed Shot,Pullup Jump shot,2PT Field Goal,Mid-Range,Left Side(L),8-16 ft.,14,-110,91,1,0,20250106,BKN,IND
Shot Chart Detail,0022400495,257,1630169,Tyrese Haliburton,1610612754,Indiana Pacers,2,3,21,Missed Shot,Pullup Jump shot,2PT Field Goal,Mid-Range,Right Side Center(RC),16-24 ft.,20,87,185,1,0,20250106,BKN,IND
Shot Chart Detail,0022400495,284,1630169,Tyrese Haliburton,1610612754,Indiana Pacers,2,0,44,Made Shot,Jump Shot,3PT Field Goal,Left Corner 3,Left Side(L),24+ ft.,23,-233,2,1,1,20250106,BKN,IND
Shot Chart Detail,0022400495,323,1630169,Tyrese Haliburton,1610612754,Indiana Pacers,3,10,18,Made Shot,Step Back Jump shot,3PT Field Goal,Above the Break 3,Right Side Center(RC),24+ ft.,25,80,246,1,1,20250106,BKN,IND
Shot Chart Detail,0022400495,376,1630169,Tyrese Haliburton,1610612754,Indiana Pacers,3,6,10,Made Shot,Step Back Jump shot,2PT Field Goal,Mid-Range,Left Side Center(LC),16-24 ft.,18,-107,148,1,1,20250106,BKN,IND
Shot Chart Detail,0022400495,411,1630169,Tyrese Haliburton,1610612754,Indiana Pacers,3,4,21,Missed Shot,Step Back Jump shot,3PT Field Goal,Above the Break 3,Right Side Center(RC),24+ ft.,24,165,180,1,0,20250106,BKN,IND
Shot Chart Detail,0022400495,466,1630169,Tyrese Haliburton,1610612754,Indiana Pacers,3,0,2,Missed Shot,Floating Jump shot,2PT Field Goal,Mid-Range,Center(C),8-16 ft.,15,12,156,1,0,20250106,BKN,IND
Shot Chart Detail,0022400495,545,1630169,Tyrese Haliburton,1610612754,Indiana Pacers,4,7,31,Made Shot,Pullup Jump shot,3PT Field Goal,Above the Break 3,Right Side Center(RC),24+ ft.,24,137,209,1,1,20250106,BKN,IND
Shot Chart Detail,0022400495,578,1630169,Tyrese Haliburton,1610612754,Indiana Pacers,4,5,3,Missed Shot,Pullup Jump shot,3PT Field Goal,Above the Break 3,Right Side Center(RC),24+ ft.,27,142,241,1,0,20250106,BKN,IND
Shot Chart Detail,0022400495,600,1630169,Tyrese Haliburton,1610612754,Indiana Pacers,4,2,50,Missed Shot,Pullup Jump shot,2PT Field Goal,Mid-Range,Right Side Center(RC),16-24 ft.,16,104,126,1,0,20250106,BKN,IND
Shot Chart Detail,0022400510,35,1630169,Tyrese Haliburton,1610612754,Indiana Pacers,1,8,58,Missed Shot,Pullup Jump shot,2PT Field Goal,Mid-Range,Right Side(R),16-24 ft.,20,165,115,1,0,20250108,IND,CHI
Shot Chart Detail,0022400510,43,1630169,Tyrese Haliburton,1610612754,Indiana Pacers,1,8,18,Missed Shot,Driving Floating Jump Shot,2PT Field Goal,Mid-Range,Right Side Center(RC),16-24 ft.,16,88,134,1,0,20250108,IND,CHI
Shot Chart Detail,0022400510,76,1630169,Tyrese Haliburton,1610612754,Indiana Pacers,1,5,26,Made Shot,Pullup Jump shot,2PT Field Goal,Mid-Range,Center(C),16-24 ft.,20,16,203,1,1,20250108,IND,CHI
Shot Chart Detail,0022400510,109,1630169,Tyrese Haliburton,1610612754,Indiana Pacers,1,2,49,Missed Shot,Running Reverse Layup Shot,2PT Field Goal,Restricted Area,Center(C),Less Than 8 ft.,1,0,11,1,0,20250108,IND,CHI
Shot Chart Detail,0022400510,246,1630169,Tyrese Haliburton,1610612754,Indiana Pacers,2,5,7,Made Shot,Jump Shot,3PT Field Goal,Above the Break 3,Right Side Center(RC),24+ ft.,28,126,258,1,1,20250108,IND,CHI
Shot Chart Detail,0022400510,315,1630169,Tyrese Haliburton,1610612754,Indiana Pacers,2,0,19,Missed Shot,Pullup Jump shot,3PT Field Goal,Above the Break 3,Right Side Center(RC),24+ ft.,29,129,267,1,0,20250108,IND,CHI
Shot Chart Detail,0022400510,349,1630169,Tyrese Haliburton,1610612754,Indiana Pacers,3,9,29,Made Shot,Driving Finger Roll Layup Shot,2PT Field Goal,Restricted Area,Center(C),Less Than 8 ft.,1,10,6,1,1,20250108,IND,CHI
Shot Chart Detail,0022400510,360,1630169,Tyrese Haliburton,1610612754,Indiana Pacers,3,8,50,Missed Shot,Pullup Jump shot,2PT Field Goal,In The Paint (Non-RA),Center(C),8-16 ft.,13,-55,125,1,0,20250108,IND,CHI
Shot Chart Detail,0022400510,380,1630169,Tyrese Haliburton,1610612754,Indiana Pacers,3,7,32,Made Shot,Driving Floating Bank Jump Shot,2PT Field Goal,Mid-Range,Left Side(L),8-16 ft.,11,-89,75,1,1,20250108,IND,CHI
Shot Chart Detail,0022400510,424,1630169,Tyrese Haliburton,1610612754,Indiana Pacers,3,4,18,Made Shot,Driving Finger Roll Layup Shot,2PT Field Goal,Restricted Area,Center(C),Less Than 8 ft.,0,0,-1,1,1,20250108,IND,CHI
Shot Chart Detail,0022400510,437,1630169,Tyrese Haliburton,1610612754,Indiana Pacers,3,3,30,Made Shot,Jump Shot,3PT Field Goal,Above the Break 3,Right Side Center(RC),24+ ft.,26,195,178,1,1,20250108,IND,CHI
Shot Chart Detail,0022400510,448,1630169,Tyrese Haliburton,1610612754,Indiana Pacers,3,3,2,Made Shot,Driving Finger Roll Layup Shot,2PT Field Goal,Restricted Area,Center(C),Less Than 8 ft.,3,12,28,1,1,20250108,IND,CHI
Shot Chart Detail,0022400510,584,1630169,Tyrese Haliburton,1610612754,Indiana Pacers,4,7,12,Missed Shot,Driving Layup Shot,2PT Field Goal,Mid-Range,Right Side(R),8-16 ft.,10,92,41,1,0,20250108,IND,CHI
Shot Chart Detail,0022400525,21,1630169,Tyrese Haliburton,1610612754,Indiana Pacers,1,10,3,Missed Shot,Step Back Jump shot,3PT Field Goal,Left Corner 3,Left Side(L),24+ ft.,24,-241,13,1,0,20250110,IND,GSW
Shot Chart Detail,0022400525,51,1630169,Tyrese Haliburton,1610612754,Indiana Pacers,1,7,20,Made Shot,Driving Finger Roll Layup Shot,2PT Field Goal,In The Paint (Non-RA),Center(C),Less Than 8 ft.,4,32,30,1,1,20250110,IND,GSW
Shot Chart Detail,0022400525,109,1630169,Tyrese Haliburton,1610612754,Indiana Pacers,1,3,5,Made Shot,Driving Floating Jump Shot,2PT Field Goal,In The Paint (Non-RA),Center(C),8-16 ft.,11,-2,113,1,1,20250110,IND,GSW
Shot Chart Detail,0022400525,230,1630169,Tyrese Haliburton,1610612754,Indiana Pacers,2,6,56,Made Shot,Running Jump Shot,3PT Field Goal,Above the Break 3,Right Side Center(RC),24+ ft.,29,161,247,1,1,20250110,IND,GSW
Shot Chart Detail,0022400525,317,1630169,Tyrese Haliburton,1610612754,Indiana Pacers,2,1,5,Made Shot,Running Dunk Shot,2PT Field Goal,In The Paint (Non-RA),Center(C),Less Than 8 ft.,4,28,41,1,1,20250110,IND,GSW
Shot Chart Detail,0022400525,320,1630169,Tyrese Haliburton,1610612754,Indiana Pacers,2,0,33,Missed Shot,Step Back Jump shot,3PT Field Goal,Above the Break 3,Center(C),24+ ft.,28,1,284,1,0,20250110,IND,GSW
Shot Chart Detail,0022400525,452,1630169,Tyrese Haliburton,1610612754,Indiana Pacers,3,3,56,Made Shot,Running Reverse Layup Shot,2PT Field Goal,In The Paint (Non-RA),Center(C),Less Than 8 ft.,6,-34,52,1,1,20250110,IND,GSW
Shot Chart Detail,0022400525,464,1630169,Tyrese Haliburton,1610612754,Indiana Pacers,3,3,14,Made Shot,Driving Floating Jump Shot,2PT Field Goal,In The Paint (Non-RA),Center(C),8-16 ft.,12,62,111,1,1,20250110,IND,GSW
Shot Chart Detail,0022400525,483,1630169,Tyrese Haliburton,1610612754,Indiana Pacers,3,1,54,Made Shot,Running Jump Shot,3PT Field Goal,Right Corner 3,Right Side(R),24+ ft.,23,234,16,1,1,20250110,IND,GSW
Shot Chart Detail,0022400525,588,1630169,Tyrese Haliburton,1610612754,Indiana Pacers,4,5,47,Made Shot,Driving Finger Roll Layup Shot,2PT Field Goal,In The Paint (Non-RA),Center(C),Less Than 8 ft.,6,37,52,1,1,20250110,IND,GSW
Shot Chart Detail,0022400543,41,1630169,Tyrese Haliburton,1610612754,Indiana Pacers,1,7,51,Missed Shot,Pullup Jump shot,3PT Field Goal,Above the Break 3,Left Side Center(LC),24+ ft.,25,-146,212,1,0,20250112,CLE,IND
Shot Chart Detail,0022400543,60,1630169,Tyrese Haliburton,1610612754,Indiana Pacers,1,6,39,Missed Shot,Driving Floating Jump Shot,2PT Field Goal,In The Paint (Non-RA),Center(C),Less Than 8 ft.,7,25,75,1,0,20250112,CLE,IND
Shot Chart Detail,0022400543,120,1630169,Tyrese Haliburton,1610612754,Indiana Pacers,1,3,13,Made Shot,Driving Floating Jump Shot,2PT Field Goal,Mid-Range,Left Side(L),8-16 ft.,11,-115,18,1,1,20250112,CLE,IND
Shot Chart Detail,0022400543,124,1630169,Tyrese Haliburton,1610612754,Indiana Pacers,1,2,48,Missed Shot,Pullup Jump shot,3PT Field Goal,Above the Break 3,Right Side Center(RC),24+ ft.,26,131,233,1,0,20250112,CLE,IND
Shot Chart Detail,0022400543,299,1630169,Tyrese Haliburton,1610612754,Indiana Pacers,2,1,40,Missed Shot,Step Back Jump shot,2PT Field Goal,Mid-Range,Left Side Center(LC),16-24 ft.,17,-135,118,1,0,20250112,CLE,IND
Shot Chart Detail,0022400572,26,1630169,Tyrese Haliburton,1610612754,Indiana Pacers,1,9,27,Missed Shot,Driving Bank Hook Shot,2PT Field Goal,In The Paint (Non-RA),Center(C),Less Than 8 ft.,4,42,17,1,0,20250116,DET,IND
Shot Chart Detail,0022400572,35,1630169,Tyrese Haliburton,1610612754,Indiana Pacers,1,8,32,Missed Shot,Jump Shot,3PT Field Goal,Above the Break 3,Right Side Center(RC),24+ ft.,28,132,247,1,0,20250116,DET,IND
Shot Chart Detail,0022400572,50,1630169,Tyrese Haliburton,1610612754,Indiana Pacers,1,7,30,Missed Shot,Running Layup Shot,2PT Field Goal,In The Paint (Non-RA),Center(C),Less Than 8 ft.,4,43,8,1,0,20250116,DET,IND
Shot Chart Detail,0022400572,104,1630169,Tyrese Haliburton,1610612754,Indiana Pacers,1,3,52,Made Shot,Driving Layup Shot,2PT Field Goal,In The Paint (Non-RA),Center(C),Less Than 8 ft.,4,42,1,1,1,20250116,DET,IND
Shot Chart Detail,0022400572,113,1630169,Tyrese Haliburton,1610612754,Indiana Pacers,1,3,4,Missed Shot,Pullup Jump shot,3PT Field Goal,Above the Break 3,Right Side Center(RC),24+ ft.,26,164,209,1,0,20250116,DET,IND
Shot Chart Detail,0022400572,166,1630169,Tyrese Haliburton,1610612754,Indiana Pacers,1,0,1,Made Shot,Driving Floating Bank Jump Shot,2PT Field Goal,In The Paint (Non-RA),Center(C),Less Than 8 ft.,4,48,8,1,1,20250116,DET,IND
Shot Chart Detail,0022400572,265,1630169,Tyrese Haliburton,1610612754,Indiana Pacers,2,7,4,Missed Shot,Pullup Jump shot,3PT Field Goal,Above the Break 3,Right Side Center(RC),24+ ft.,25,161,204,1,0,20250116,DET,IND
Shot Chart Detail,0022400572,284,1630169,Tyrese Haliburton,1610612754,Indiana Pacers,2,5,37,Made Shot,Jump Shot,3PT Field Goal,Above the Break 3,Right Side Center(RC),24+ ft.,27,221,162,1,1,20250116,DET,IND
Shot Chart Detail,0022400572,377,1630169,Tyrese Haliburton,1610612754,Indiana Pacers,3,9,55,Made Shot,Running Layup Shot,2PT Field Goal,Restricted Area,Center(C),Less Than 8 ft.,2,-23,8,1,1,20250116,DET,IND
Shot Chart Detail,0022400572,393,1630169,Tyrese Haliburton,1610612754,Indiana Pacers,3,8,51,Made Shot,Turnaround Fadeaway shot,2PT Field Goal,Mid-Range,Left Side(L),8-16 ft.,10,-81,63,1,1,20250116,DET,IND
Shot Chart Detail,0022400572,406,1630169,Tyrese Haliburton,1610612754,Indiana Pacers,3,7,36,Made Shot,Pullup Jump shot,3PT Field Goal,Above the Break 3,Center(C),24+ ft.,25,-51,247,1,1,20250116,DET,IND
Shot Chart Detail,0022400572,420,1630169,Tyrese Haliburton,1610612754,Indiana Pacers,3,6,10,Missed Shot,Driving Floating Jump Shot,2PT Field Goal,Mid-Range,Left Side(L),8-16 ft.,11,-93,73,1,0,20250116,DET,IND
Shot Chart Detail,0022400572,577,1630169,Tyrese Haliburton,1610612754,Indiana Pacers,4,7,47,Made Shot,Running Dunk Shot,2PT Field Goal,Restricted Area,Center(C),Less Than 8 ft.,3,28,22,1,1,20250116,DET,IND
Shot Chart Detail,0022400572,584,1630169,Tyrese Haliburton,1610612754,Indiana Pacers,4,7,15,Missed Shot,Pullup Jump shot,3PT Field Goal,Above the Break 3,Right Side Center(RC),24+ ft.,29,136,266,1,0,20250116,DET,IND
Shot Chart Detail,0022400572,593,1630169,Tyrese Haliburton,1610612754,Indiana Pacers,4,6,13,Missed Shot,Pullup Jump shot,2PT Field Goal,Mid-Range,Right Side(R),16-24 ft.,19,161,104,1,0,20250116,DET,IND
Shot Chart Detail,0022400588,9,1630169,Tyrese Haliburton,1610612754,Indiana Pacers,1,11,22,Missed Shot,Driving Finger Roll Layup Shot,2PT Field Goal,Restricted Area,Center(C),Less Than 8 ft.,3,20,23,1,0,20250118,IND,PHI
Shot Chart Detail,0022400588,63,1630169,Tyrese Haliburton,1610612754,Indiana Pacers,1,7,6,Made Shot,Driving Floating Bank Jump Shot,2PT Field Goal,Mid-Range,Right Side(R),8-16 ft.,9,94,34,1,1,20250118,IND,PHI
Shot Chart Detail,0022400588,70,1630169,Tyrese Haliburton,1610612754,Indiana Pacers,1,6,22,Missed Shot,Step Back Jump shot,3PT Field Goal,Above the Break 3,Right Side Center(RC),24+ ft.,24,205,142,1,0,20250118,IND,PHI
Shot Chart Detail,0022400588,91,1630169,Tyrese Haliburton,1610612754,Indiana Pacers,1,5,16,Missed Shot,Jump Shot,3PT Field Goal,Above the Break 3,Right Side Center(RC),24+ ft.,25,178,181,1,0,20250118,IND,PHI
Shot Chart Detail,0022400588,93,1630169,Tyrese Haliburton,1610612754,Indiana Pacers,1,5,7,Missed Shot,Jump Shot,3PT Field Goal,Above the Break 3,Right Side Center(RC),24+ ft.,26,154,214,1,0,20250118,IND,PHI
Shot Chart Detail,0022400588,257,1630169,Tyrese Haliburton,1610612754,Indiana Pacers,2,5,10,Made Shot,Pullup Jump shot,2PT Field Goal,Mid-Range,Right Side Center(RC),16-24 ft.,18,113,143,1,1,20250118,IND,PHI
Shot Chart Detail,0022400588,268,1630169,Tyrese Haliburton,1610612754,Indiana Pacers,2,3,56,Made Shot,Running Pull-Up Jump Shot,2PT Field Goal,Mid-Range,Right Side(R),16-24 ft.,18,184,20,1,1,20250118,IND,PHI
Shot Chart Detail,0022400588,372,1630169,Tyrese Haliburton,1610612754,Indiana Pacers,3,10,34,Missed Shot,Pullup Jump shot,3PT Field Goal,Above the Break 3,Center(C),24+ ft.,27,60,268,1,0,20250118,IND,PHI
Shot Chart Detail,0022400588,418,1630169,Tyrese Haliburton,1610612754,Indiana Pacers,3,6,29,Missed Shot,Pullup Jump shot,3PT Field Goal,Above the Break 3,Center(C),24+ ft.,27,47,271,1,0,20250118,IND,PHI
Shot Chart Detail,0022400588,462,1630169,Tyrese Haliburton,1610612754,Indiana Pacers,3,3,19,Missed Shot,Step Back Jump shot,3PT Field Goal,Above the Break 3,Left Side Center(LC),24+ ft.,25,-219,132,1,0,20250118,IND,PHI
Shot Chart Detail,0022400588,606,1630169,Tyrese Haliburton,1610612754,Indiana Pacers,4,4,55,Made Shot,Pullup Jump shot,3PT Field Goal,Above the Break 3,Right Side Center(RC),24+ ft.,26,91,253,1,1,20250118,IND,PHI
Shot Chart Detail,0022400621,26,1630169,Tyrese Haliburton,1610612754,Indiana Pacers,1,9,5,Made Shot,Step Back Jump shot,3PT Field Goal,Above the Break 3,Center(C),24+ ft.,26,-23,267,1,1,20250123,IND,SAS
Shot Chart Detail,0022400621,29,1630169,Tyrese Haliburton,1610612754,Indiana Pacers,1,8,42,Missed Shot,Step Back Jump shot,3PT Field Goal,Above the Break 3,Left Side Center(LC),24+ ft.,27,-181,207,1,0,20250123,IND,SAS
Shot Chart Detail,0022400621,77,1630169,Tyrese Haliburton,1610612754,Indiana Pacers,1,5,28,Missed Shot,Turnaround Jump Shot,3PT Field Goal,Above the Break 3,Right Side Center(RC),24+ ft.,25,183,181,1,0,20250123,IND,SAS
Shot Chart Detail,0022400621,82,1630169,Tyrese Haliburton,1610612754,Indiana Pacers,1,5,15,Missed Shot,Driving Floating Bank Jump Shot,2PT Field Goal,Mid-Range,Right Side(R),8-16 ft.,13,106,88,1,0,20250123,IND,SAS
Shot Chart Detail,0022400621,95,1630169,Tyrese Haliburton,1610612754,Indiana Pacers,1,4,12,Made Shot,Pullup Jump shot,2PT Field Goal,Mid-Range,Right Side(R),8-16 ft.,15,104,120,1,1,20250123,IND,SAS
Shot Chart Detail,0022400621,120,1630169,Tyrese Haliburton,1610612754,Indiana Pacers,1,2,36,Missed Shot,Jump Shot,3PT Field Goal,Left Corner 3,Left Side(L),24+ ft.,23,-231,4,1,0,20250123,IND,SAS
Shot Chart Detail,0022400621,266,1630169,Tyrese Haliburton,1610612754,Indiana Pacers,2,4,31,Made Shot,Step Back Jump shot,3PT Field Goal,Above the Break 3,Center(C),24+ ft.,28,9,283,1,1,20250123,IND,SAS
Shot Chart Detail,0022400621,281,1630169,Tyrese Haliburton,1610612754,Indiana Pacers,2,2,46,Made Shot,Pullup Jump shot,3PT Field Goal,Above the Break 3,Left Side Center(LC),24+ ft.,26,-113,238,1,1,20250123,IND,SAS
Shot Chart Detail,0022400621,402,1630169,Tyrese Haliburton,1610612754,Indiana Pacers,3,5,11,Missed Shot,Pullup Jump shot,2PT Field Goal,Mid-Range,Left Side(L),16-24 ft.,20,-206,27,1,0,20250123,IND,SAS
Shot Chart Detail,0022400621,525,1630169,Tyrese Haliburton,1610612754,Indiana Pacers,4,10,0,Missed Shot,Pullup Jump shot,3PT Field Goal,Above the Break 3,Right Side Center(RC),24+ ft.,24,228,99,1,0,20250123,IND,SAS
Shot Chart Detail,0022400621,579,1630169,Tyrese Haliburton,1610612754,Indiana Pacers,4,6,7,Made Shot,Driving Finger Roll Layup Shot,2PT Field Goal,In The Paint (Non-RA),Center(C),Less Than 8 ft.,6,19,62,1,1,20250123,IND,SAS
Shot Chart Detail,0022400633,50,1630169,Tyrese Haliburton,1610612754,Indiana Pacers,1,7,5,Made Shot,Driving Finger Roll Layup Shot,2PT Field Goal,Restricted Area,Center(C),Less Than 8 ft.,2,12,25,1,1,20250125,SAS,IND
Shot Chart Detail,0022400633,91,1630169,Tyrese Haliburton,1610612754,Indiana Pacers,1,4,2,Missed Shot,Driving Floating Jump Shot,2PT Field Goal,In The Paint (Non-RA),Center(C),Less Than 8 ft.,6,0,69,1,0,20250125,SAS,IND
Shot Chart Detail,0022400633,95,1630169,Tyrese Haliburton,1610612754,Indiana Pacers,1,3,45,Missed Shot,Running Jump Shot,3PT Field Goal,Above the Break 3,Left Side Center(LC),24+ ft.,29,-180,237,1,0,20250125,SAS,IND
Shot Chart Detail,0022400633,228,1630169,Tyrese Haliburton,1610612754,Indiana Pacers,2,6,51,Made Shot,Jump Shot,3PT Field Goal,Above the Break 3,Left Side Center(LC),24+ ft.,28,-130,251,1,1,20250125,SAS,IND
Shot Chart Detail,0022400633,232,1630169,Tyrese Haliburton,1610612754,Indiana Pacers,2,6,20,Made Shot,Step Back Jump shot,3PT Field Goal,Above the Break 3,Right Side Center(RC),24+ ft.,28,136,247,1,1,20250125,SAS,IND
Shot Chart Detail,0022400633,236,1630169,Tyrese Haliburton,1610612754,Indiana Pacers,2,5,54,Missed Shot,Running Jump Shot,3PT Field Goal,Above the Break 3,Left Side Center(LC),24+ ft.,28,-180,221,1,0,20250125,SAS,IND
Shot Chart Detail,0022400633,269,1630169,Tyrese Haliburton,1610612754,Indiana Pacers,2,4,33,Missed Shot,Driving Floating Jump Shot,2PT Field Goal,In The Paint (Non-RA),Center(C),Less Than 8 ft.,4,37,22,1,0,20250125,SAS,IND
Shot Chart Detail,0022400633,285,1630169,Tyrese Haliburton,1610612754,Indiana Pacers,2,3,42,Missed Shot,Step Back Jump shot,3PT Field Goal,Above the Break 3,Right Side Center(RC),24+ ft.,27,119,248,1,0,20250125,SAS,IND
Shot Chart Detail,0022400633,331,1630169,Tyrese Haliburton,1610612754,Indiana Pacers,2,0,0,Made Shot,Driving Layup Shot,2PT Field Goal,In The Paint (Non-RA),Center(C),Less Than 8 ft.,4,-32,33,1,1,20250125,SAS,IND
Shot Chart Detail,0022400633,351,1630169,Tyrese Haliburton,1610612754,Indiana Pacers,3,10,46,Missed Shot,Driving Finger Roll Layup Shot,2PT Field Goal,Restricted Area,Center(C),Less Than 8 ft.,2,-10,24,1,0,20250125,SAS,IND
Shot Chart Detail,0022400633,424,1630169,Tyrese Haliburton,1610612754,Indiana Pacers,3,6,44,Made Shot,Running Dunk Shot,2PT Field Goal,Restricted Area,Center(C),Less Than 8 ft.,0,-7,-1,1,1,20250125,SAS,IND
Shot Chart Detail,0022400633,470,1630169,Tyrese Haliburton,1610612754,Indiana Pacers,3,3,25,Made Shot,Pullup Jump shot,2PT Field Goal,Mid-Range,Right Side Center(RC),16-24 ft.,17,88,155,1,1,20250125,SAS,IND
Shot Chart Detail,0022400633,485,1630169,Tyrese Haliburton,1610612754,Indiana Pacers,3,2,53,Made Shot,Pullup Jump shot,3PT Field Goal,Above the Break 3,Center(C),24+ ft.,27,-10,271,1,1,20250125,SAS,IND
Shot Chart Detail,0022400633,493,1630169,Tyrese Haliburton,1610612754,Indiana Pacers,3,2,25,Made Shot,Running Pull-Up Jump Shot,3PT Field Goal,Above the Break 3,Left Side Center(LC),24+ ft.,26,-153,219,1,1,20250125,SAS,IND
Shot Chart Detail,0022400633,497,1630169,Tyrese Haliburton,1610612754,Indiana Pacers,3,1,40,Made Shot,Pullup Jump shot,3PT Field Goal,Above the Break 3,Left Side Center(LC),24+ ft.,27,-131,243,1,1,20250125,SAS,IND
Shot Chart Detail,0022400633,502,1630169,Tyrese Haliburton,1610612754,Indiana Pacers,3,1,10,Made Shot,Step Back Jump shot,2PT Field Goal,Mid-Range,Right Side Center(RC),16-24 ft.,22,86,209,1,1,20250125,SAS,IND
Shot Chart Detail,0022400633,508,1630169,Tyrese Haliburton,1610612754,Indiana Pacers,3,0,42,Made Shot,Pullup Jump shot,3PT Field Goal,Above the Break 3,Center(C),24+ ft.,25,67,245,1,1,20250125,SAS,IND
Shot Chart Detail,0022400664,19,1630169,Tyrese Haliburton,1610612754,Indiana Pacers,1,10,25,Made Shot,Jump Shot,3PT Field Goal,Above the Break 3,Right Side Center(RC),24+ ft.,24,107,225,1,1,20250129,IND,DET
Shot Chart Detail,0022400664,25,1630169,Tyrese Haliburton,1610612754,Indiana Pacers,1,9,58,Missed Shot,Jump Shot,3PT Field Goal,Above the Break 3,Left Side Center(LC),24+ ft.,29,-197,221,1,0,20250129,IND,DET
Shot Chart Detail,0022400664,56,1630169,Tyrese Haliburton,1610612754,Indiana Pacers,1,7,25,Made Shot,Pullup Jump shot,3PT Field Goal,Above the Break 3,Center(C),24+ ft.,26,18,268,1,1,20250129,IND,DET
Shot Chart Detail,0022400664,65,1630169,Tyrese Haliburton,1610612754,Indiana Pacers,1,6,48,Made Shot,Pullup Jump shot,3PT Field Goal,Above the Break 3,Right Side Center(RC),24+ ft.,26,211,152,1,1,20250129,IND,DET
Shot Chart Detail,0022400664,70,1630169,Tyrese Haliburton,1610612754,Indiana Pacers,1,5,28,Made Shot,Layup Shot,2PT Field Goal,Restricted Area,Center(C),Less Than 8 ft.,1,10,15,1,1,20250129,IND,DET
Shot Chart Detail,0022400664,79,1630169,Tyrese Haliburton,1610612754,Indiana Pacers,1,4,36,Missed Shot,Running Dunk Shot,2PT Field Goal,Restricted Area,Center(C),Less Than 8 ft.,1,-9,-13,1,0,20250129,IND,DET
Shot Chart Detail,0022400664,264,1630169,Tyrese Haliburton,1610612754,Indiana Pacers,2,5,18,Made Shot,Driving Finger Roll Layup Shot,2PT Field Goal,Restricted Area,Center(C),Less Than 8 ft.,3,1,37,1,1,20250129,IND,DET
Shot Chart Detail,0022400664,270,1630169,Tyrese Haliburton,1610612754,Indiana Pacers,2,5,0,Made Shot,Driving Finger Roll Layup Shot,2PT Field Goal,Restricted Area,Center(C),Less Than 8 ft.,3,34,5,1,1,20250129,IND,DET
Shot Chart Detail,0022400664,299,1630169,Tyrese Haliburton,1610612754,Indiana Pacers,2,2,59,Missed Shot,Step Back Jump shot,3PT Field Goal,Left Corner 3,Left Side(L),24+ ft.,23,-235,26,1,0,20250129,IND,DET
Shot Chart Detail,0022400664,333,1630169,Tyrese Haliburton,1610612754,Indiana Pacers,2,1,4,Made Shot,Fadeaway Bank shot,2PT Field Goal,In The Paint (Non-RA),Center(C),Less Than 8 ft.,7,-42,58,1,1,20250129,IND,DET
Shot Chart Detail,0022400664,349,1630169,Tyrese Haliburton,1610612754,Indiana Pacers,2,0,0,Made Shot,Turnaround Fadeaway shot,2PT Field Goal,Mid-Range,Center(C),16-24 ft.,16,10,163,1,1,20250129,IND,DET
Shot Chart Detail,0022400664,362,1630169,Tyrese Haliburton,1610612754,Indiana Pacers,3,11,43,Missed Shot,Step Back Jump shot,3PT Field Goal,Above the Break 3,Center(C),24+ ft.,24,69,235,1,0,20250129,IND,DET
Shot Chart Detail,0022400664,430,1630169,Tyrese Haliburton,1610612754,Indiana Pacers,3,5,49,Missed Shot,Driving Layup Shot,2PT Field Goal,In The Paint (Non-RA),Center(C),Less Than 8 ft.,5,-50,20,1,0,20250129,IND,DET
Shot Chart Detail,0022400664,447,1630169,Tyrese Haliburton,1610612754,Indiana Pacers,3,4,33,Made Shot,Finger Roll Layup Shot,2PT Field Goal,Restricted Area,Center(C),Less Than 8 ft.,2,-18,14,1,1,20250129,IND,DET
Shot Chart Detail,0022400664,579,1630169,Tyrese Haliburton,1610612754,Indiana Pacers,4,7,30,Missed Shot,Pullup Jump shot,3PT Field Goal,Above the Break 3,Left Side Center(LC),24+ ft.,30,-168,252,1,0,20250129,IND,DET
Shot Chart Detail,0022400664,616,1630169,Tyrese Haliburton,1610612754,Indiana Pacers,4,5,31,Missed Shot,Pullup Jump shot,3PT Field Goal,Above the Break 3,Center(C),24+ ft.,26,-13,267,1,0,20250129,IND,DET
Shot Chart Detail,0022400664,651,1630169,Tyrese Haliburton,1610612754,Indiana Pacers,4,3,7,Made Shot,Pullup Jump shot,3PT Field Goal,Above the Break 3,Center(C),24+ ft.,27,75,266,1,1,20250129,IND,DET
Shot Chart Detail,0022400686,24,1630169,Tyrese Haliburton,1610612754,Indiana Pacers,1,10,29,Made Shot,Pullup Jump shot,2PT Field Goal,Mid-Range,Right Side(R),8-16 ft.,14,140,42,1,1,20250201,IND,ATL
Shot Chart Detail,0022400686,55,1630169,Tyrese Haliburton,1610612754,Indiana Pacers,1,6,54,Made Shot,Step Back Jump shot,3PT Field Goal,Above the Break 3,Left Side Center(LC),24+ ft.,25,-190,175,1,1,20250201,IND,ATL
Shot Chart Detail,0022400686,87,1630169,Tyrese Haliburton,1610612754,Indiana Pacers,1,5,5,Made Shot,Pullup Jump shot,3PT Field Goal,Above the Break 3,Right Side Center(RC),24+ ft.,24,130,212,1,1,20250201,IND,ATL
Shot Chart Detail,0022400686,93,1630169,Tyrese Haliburton,1610612754,Indiana Pacers,1,4,48,Missed Shot,Running Pull-Up Jump Shot,3PT Field Goal,Above the Break 3,Right Side Center(RC),24+ ft.,26,180,195,1,0,20250201,IND,ATL
Shot Chart Detail,0022400686,258,1630169,Tyrese Haliburton,1610612754,Indiana Pacers,2,6,21,Missed Shot,Driving Floating Jump Shot,2PT Field Goal,In The Paint (Non-RA),Right Side(R),8-16 ft.,8,45,73,1,0,20250201,IND,ATL
Shot Chart Detail,0022400686,336,1630169,Tyrese Haliburton,1610612754,Indiana Pacers,2,1,56,Missed Shot,Pullup Jump shot,2PT Field Goal,Mid-Range,Right Side Center(RC),16-24 ft.,17,137,109,1,0,20250201,IND,ATL
Shot Chart Detail,0022400686,352,1630169,Tyrese Haliburton,1610612754,Indiana Pacers,2,0,30,Made Shot,Driving Floating Jump Shot,2PT Field Goal,Mid-Range,Right Side(R),8-16 ft.,10,107,13,1,1,20250201,IND,ATL
Shot Chart Detail,0022400686,388,1630169,Tyrese Haliburton,1610612754,Indiana Pacers,3,10,39,Missed Shot,Driving Finger Roll Layup Shot,2PT Field Goal,In The Paint (Non-RA),Center(C),Less Than 8 ft.,5,38,46,1,0,20250201,IND,ATL
Shot Chart Detail,0022400686,404,1630169,Tyrese Haliburton,1610612754,Indiana Pacers,3,9,50,Made Shot,Pullup Jump shot,3PT Field Goal,Above the Break 3,Right Side Center(RC),24+ ft.,27,216,178,1,1,20250201,IND,ATL
Shot Chart Detail,0022400686,495,1630169,Tyrese Haliburton,1610612754,Indiana Pacers,3,2,35,Missed Shot,Step Back Jump shot,3PT Field Goal,Right Corner 3,Right Side(R),24+ ft.,23,234,-5,1,0,20250201,IND,ATL
Shot Chart Detail,0022400686,601,1630169,Tyrese Haliburton,1610612754,Indiana Pacers,4,8,46,Missed Shot,Driving Floating Bank Jump Shot,2PT Field Goal,Mid-Range,Right Side(R),8-16 ft.,14,120,75,1,0,20250201,IND,ATL
Shot Chart Detail,0022400686,634,1630169,Tyrese Haliburton,1610612754,Indiana Pacers,4,5,44,Missed Shot,Pullup Jump shot,3PT Field Goal,Above the Break 3,Left Side Center(LC),24+ ft.,28,-153,246,1,0,20250201,IND,ATL
Shot Chart Detail,0022400707,47,1630169,Tyrese Haliburton,1610612754,Indiana Pacers,1,8,51,Missed Shot,Step Back Jump shot,3PT Field Goal,Above the Break 3,Right Side Center(RC),24+ ft.,25,138,210,1,0,20250203,UTA,IND
Shot Chart Detail,0022400707,55,1630169,Tyrese Haliburton,1610612754,Indiana Pacers,1,8,3,Missed Shot,Jump Shot,3PT Field Goal,Above the Break 3,Center(C),24+ ft.,25,-6,251,1,0,20250203,UTA,IND
Shot Chart Detail,0022400707,59,1630169,Tyrese Haliburton,1610612754,Indiana Pacers,1,7,48,Made Shot,Running Pull-Up Jump Shot,3PT Field Goal,Above the Break 3,Left Side Center(LC),24+ ft.,26,-172,199,1,1,20250203,UTA,IND
Shot Chart Detail,0022400707,67,1630169,Tyrese Haliburton,1610612754,Indiana Pacers,1,6,45,Missed Shot,Pullup Jump shot,3PT Field Goal,Above the Break 3,Center(C),24+ ft.,25,-22,256,1,0,20250203,UTA,IND
Shot Chart Detail,0022400707,315,1630169,Tyrese Haliburton,1610612754,Indiana Pacers,2,1,11,Made Shot,Driving Finger Roll Layup Shot,2PT Field Goal,In The Paint (Non-RA),Center(C),Less Than 8 ft.,4,-40,23,1,1,20250203,UTA,IND
Shot Chart Detail,0022400707,333,1630169,Tyrese Haliburton,1610612754,Indiana Pacers,2,0,2,Missed Shot,Step Back Jump shot,3PT Field Goal,Above the Break 3,Right Side Center(RC),24+ ft.,25,228,118,1,0,20250203,UTA,IND
Shot Chart Detail,0022400707,343,1630169,Tyrese Haliburton,1610612754,Indiana Pacers,3,11,33,Made Shot,Running Jump Shot,2PT Field Goal,Mid-Range,Right Side(R),16-24 ft.,21,201,70,1,1,20250203,UTA,IND
Shot Chart Detail,0022400707,353,1630169,Tyrese Haliburton,1610612754,Indiana Pacers,3,10,42,Made Shot,Pullup Jump shot,3PT Field Goal,Above the Break 3,Center(C),24+ ft.,25,54,246,1,1,20250203,UTA,IND
Shot Chart Detail,0022400707,362,1630169,Tyrese Haliburton,1610612754,Indiana Pacers,3,9,35,Missed Shot,Running Pull-Up Jump Shot,3PT Field Goal,Above the Break 3,Center(C),24+ ft.,25,-28,252,1,0,20250203,UTA,IND
Shot Chart Detail,0022400707,438,1630169,Tyrese Haliburton,1610612754,Indiana Pacers,3,5,15,Missed Shot,Step Back Jump shot,3PT Field Goal,Above the Break 3,Center(C),24+ ft.,25,77,245,1,0,20250203,UTA,IND
Shot Chart Detail,0022400707,460,1630169,Tyrese Haliburton,1610612754,Indiana Pacers,3,3,36,Made Shot,Driving Dunk Shot,2PT Field Goal,Restricted Area,Center(C),Less Than 8 ft.,3,10,38,1,1,20250203,UTA,IND
Shot Chart Detail,0022400707,664,1630169,Tyrese Haliburton,1610612754,Indiana Pacers,4,2,28,Missed Shot,Driving Floating Jump Shot,2PT Field Goal,In The Paint (Non-RA),Right Side(R),8-16 ft.,12,67,110,1,0,20250203,UTA,IND
Shot Chart Detail,0022400707,723,1630169,Tyrese Haliburton,1610612754,Indiana Pacers,4,2,26,Missed Shot,Tip Layup Shot,2PT Field Goal,Restricted Area,Center(C),Less Than 8 ft.,2,6,29,1,0,20250203,UTA,IND
Shot Chart Detail,0022400707,669,1630169,Tyrese Haliburton,1610612754,Indiana Pacers,4,1,56,Missed Shot,Step Back Jump shot,3PT Field Goal,Above the Break 3,Right Side Center(RC),24+ ft.,24,135,209,1,0,20250203,UTA,IND
Shot Chart Detail,0022400707,678,1630169,Tyrese Haliburton,1610612754,Indiana Pacers,4,0,59,Made Shot,Running Pull-Up Jump Shot,3PT Field Goal,Above the Break 3,Right Side Center(RC),24+ ft.,26,213,151,1,1,20250203,UTA,IND
Shot Chart Detail,0022400716,27,1630169,Tyrese Haliburton,1610612754,Indiana Pacers,1,9,20,Missed Shot,Driving Floating Bank Jump Shot,2PT Field Goal,In The Paint (Non-RA),Center(C),Less Than 8 ft.,6,48,41,1,0,20250204,POR,IND
Shot Chart Detail,0022400716,83,1630169,Tyrese Haliburton,1610612754,Indiana Pacers,1,5,8,Missed Shot,Pullup Jump shot,3PT Field Goal,Above the Break 3,Left Side Center(LC),24+ ft.,28,-107,262,1,0,20250204,POR,IND
Shot Chart Detail,0022400716,362,1630169,Tyrese Haliburton,1610612754,Indiana Pacers,3,10,14,Missed Shot,Driving Floating Jump Shot,2PT Field Goal,In The Paint (Non-RA),Center(C),8-16 ft.,12,-51,115,1,0,20250204,POR,IND
Shot Chart Detail,0022400733,37,1630169,Tyrese Haliburton,1610612754,Indiana Pacers,1,8,32,Missed Shot,Running Jump Shot,3PT Field Goal,Above the Break 3,Left Side Center(LC),24+ ft.,24,-212,129,1,0,20250206,LAC,IND
Shot Chart Detail,0022400733,89,1630169,Tyrese Haliburton,1610612754,Indiana Pacers,1,4,44,Missed Shot,Step Back Jump shot,3PT Field Goal,Above the Break 3,Right Side Center(RC),24+ ft.,25,184,173,1,0,20250206,LAC,IND
Shot Chart Detail,0022400733,95,1630169,Tyrese Haliburton,1610612754,Indiana Pacers,1,4,4,Missed Shot,Driving Floating Jump Shot,2PT Field Goal,In The Paint (Non-RA),Center(C),8-16 ft.,10,32,105,1,0,20250206,LAC,IND
Shot Chart Detail,0022400733,282,1630169,Tyrese Haliburton,1610612754,Indiana Pacers,2,2,9,Missed Shot,Pullup Jump shot,3PT Field Goal,Above the Break 3,Left Side Center(LC),24+ ft.,24,-89,231,1,0,20250206,LAC,IND
Shot Chart Detail,0022400733,290,1630169,Tyrese Haliburton,1610612754,Indiana Pacers,2,1,43,Made Shot,Running Dunk Shot,2PT Field Goal,Restricted Area,Center(C),Less Than 8 ft.,1,-10,17,1,1,20250206,LAC,IND
Shot Chart Detail,0022400733,339,1630169,Tyrese Haliburton,1610612754,Indiana Pacers,3,10,18,Made Shot,Pullup Jump shot,3PT Field Goal,Above the Break 3,Center(C),24+ ft.,31,-50,310,1,1,20250206,LAC,IND
Shot Chart Detail,0022400733,370,1630169,Tyrese Haliburton,1610612754,Indiana Pacers,3,7,29,Missed Shot,Driving Hook Shot,2PT Field Goal,In The Paint (Non-RA),Center(C),Less Than 8 ft.,4,-39,22,1,0,20250206,LAC,IND
Shot Chart Detail,0022400733,422,1630169,Tyrese Haliburton,1610612754,Indiana Pacers,3,4,5,Missed Shot,Jump Shot,3PT Field Goal,Above the Break 3,Right Side Center(RC),24+ ft.,29,148,257,1,0,20250206,LAC,IND
Shot Chart Detail,0022400733,573,1630169,Tyrese Haliburton,1610612754,Indiana Pacers,4,5,39,Missed Shot,Step Back Jump shot,3PT Field Goal,Above the Break 3,Right Side Center(RC),24+ ft.,25,170,188,1,0,20250206,LAC,IND
Shot Chart Detail,0022400733,603,1630169,Tyrese Haliburton,1610612754,Indiana Pacers,4,2,44,Made Shot,Step Back Jump shot,3PT Field Goal,Above the Break 3,Center(C),24+ ft.,25,65,251,1,1,20250206,LAC,IND
Shot Chart Detail,0022400733,606,1630169,Tyrese Haliburton,1610612754,Indiana Pacers,4,2,17,Made Shot,Running Layup Shot,2PT Field Goal,Restricted Area,Center(C),Less Than 8 ft.,1,12,11,1,1,20250206,LAC,IND
Shot Chart Detail,0022400733,609,1630169,Tyrese Haliburton,1610612754,Indiana Pacers,4,1,53,Missed Shot,Fadeaway Jump Shot,2PT Field Goal,Mid-Range,Left Side(L),16-24 ft.,17,-154,78,1,0,20250206,LAC,IND
Shot Chart Detail,0022400733,621,1630169,Tyrese Haliburton,1610612754,Indiana Pacers,4,1,30,Made Shot,Running Dunk Shot,2PT Field Goal,Restricted Area,Center(C),Less Than 8 ft.,2,23,11,1,1,20250206,LAC,IND
Shot Chart Detail,0022400742,24,1630169,Tyrese Haliburton,1610612754,Indiana Pacers,1,10,46,Missed Shot,Driving Floating Jump Shot,2PT Field Goal,Mid-Range,Left Side(L),8-16 ft.,11,-88,78,1,0,20250208,LAL,IND
Shot Chart Detail,0022400742,36,1630169,Tyrese Haliburton,1610612754,Indiana Pacers,1,9,47,Missed Shot,Jump Shot,3PT Field Goal,Above the Break 3,Right Side Center(RC),24+ ft.,24,217,111,1,0,20250208,LAL,IND
Shot Chart Detail,0022400742,46,1630169,Tyrese Haliburton,1610612754,Indiana Pacers,1,9,11,Missed Shot,Driving Floating Jump Shot,2PT Field Goal,In The Paint (Non-RA),Center(C),8-16 ft.,13,55,120,1,0,20250208,LAL,IND
Shot Chart Detail,0022400742,75,1630169,Tyrese Haliburton,1610612754,Indiana Pacers,1,5,55,Missed Shot,Driving Layup Shot,2PT Field Goal,In The Paint (Non-RA),Center(C),Less Than 8 ft.,7,-1,71,1,0,20250208,LAL,IND
Shot Chart Detail,0022400742,227,1630169,Tyrese Haliburton,1610612754,Indiana Pacers,2,7,45,Missed Shot,Step Back Jump shot,3PT Field Goal,Above the Break 3,Center(C),24+ ft.,26,67,258,1,0,20250208,LAL,IND
Shot Chart Detail,0022400742,238,1630169,Tyrese Haliburton,1610612754,Indiana Pacers,2,6,56,Missed Shot,Pullup Jump shot,3PT Field Goal,Above the Break 3,Left Side Center(LC),24+ ft.,27,-112,246,1,0,20250208,LAL,IND
Shot Chart Detail,0022400742,250,1630169,Tyrese Haliburton,1610612754,Indiana Pacers,2,5,50,Made Shot,Fadeaway Jump Shot,2PT Field Goal,In The Paint (Non-RA),Center(C),8-16 ft.,11,-49,106,1,1,20250208,LAL,IND
Shot Chart Detail,0022400742,374,1630169,Tyrese Haliburton,1610612754,Indiana Pacers,3,10,37,Made Shot,Pullup Jump shot,3PT Field Goal,Above the Break 3,Left Side Center(LC),24+ ft.,24,-145,198,1,1,20250208,LAL,IND
Shot Chart Detail,0022400742,379,1630169,Tyrese Haliburton,1610612754,Indiana Pacers,3,10,13,Made Shot,Pullup Jump shot,2PT Field Goal,Mid-Range,Center(C),8-16 ft.,15,-26,155,1,1,20250208,LAL,IND
Shot Chart Detail,0022400742,568,1630169,Tyrese Haliburton,1610612754,Indiana Pacers,4,9,17,Made Shot,Pullup Jump shot,3PT Field Goal,Above the Break 3,Left Side Center(LC),24+ ft.,24,-99,226,1,1,20250208,LAL,IND
Shot Chart Detail,0022400742,611,1630169,Tyrese Haliburton,1610612754,Indiana Pacers,4,5,44,Made Shot,Running Pull-Up Jump Shot,3PT Field Goal,Above the Break 3,Right Side Center(RC),24+ ft.,25,157,197,1,1,20250208,LAL,IND
Shot Chart Detail,0022400742,640,1630169,Tyrese Haliburton,1610612754,Indiana Pacers,4,3,30,Missed Shot,Jump Shot,3PT Field Goal,Right Corner 3,Right Side(R),24+ ft.,23,233,16,1,0,20250208,LAL,IND
Shot Chart Detail,0022400742,673,1630169,Tyrese Haliburton,1610612754,Indiana Pacers,4,1,35,Made Shot,Pullup Jump shot,3PT Field Goal,Above the Break 3,Left Side Center(LC),24+ ft.,24,-76,231,1,1,20250208,LAL,IND
Shot Chart Detail,0022400742,681,1630169,Tyrese Haliburton,1610612754,Indiana Pacers,4,0,41,Missed Shot,Running Pull-Up Jump Shot,3PT Field Goal,Above the Break 3,Right Side Center(RC),24+ ft.,25,92,241,1,0,20250208,LAL,IND
Shot Chart Detail,0022400742,693,1630169,Tyrese Haliburton,1610612754,Indiana Pacers,4,0,14,Made Shot,Driving Dunk Shot,2PT Field Goal,Restricted Area,Center(C),Less Than 8 ft.,1,-2,15,1,1,20250208,LAL,IND
Shot Chart Detail,0022400765,40,1630169,Tyrese Haliburton,1610612754,Indiana Pacers,1,8,37,Made Shot,Turnaround Fadeaway shot,2PT Field Goal,Mid-Range,Right Side(R),8-16 ft.,13,115,76,1,1,20250211,IND,NYK
Shot Chart Detail,0022400765,42,1630169,Tyrese Haliburton,1610612754,Indiana Pacers,1,8,24,Missed Shot,Pullup Jump shot,3PT Field Goal,Above the Break 3,Left Side Center(LC),24+ ft.,26,-153,212,1,0,20250211,IND,NYK
Shot Chart Detail,0022400765,57,1630169,Tyrese Haliburton,1610612754,Indiana Pacers,1,7,21,Made Shot,Running Pull-Up Jump Shot,3PT Field Goal,Above the Break 3,Right Side Center(RC),24+ ft.,26,206,168,1,1,20250211,IND,NYK
Shot Chart Detail,0022400765,111,1630169,Tyrese Haliburton,1610612754,Indiana Pacers,1,3,14,Missed Shot,Step Back Jump shot,3PT Field Goal,Above the Break 3,Right Side Center(RC),24+ ft.,25,221,118,1,0,20250211,IND,NYK
Shot Chart Detail,0022400765,124,1630169,Tyrese Haliburton,1610612754,Indiana Pacers,1,2,15,Missed Shot,Step Back Jump shot,3PT Field Goal,Above the Break 3,Center(C),24+ ft.,25,-7,256,1,0,20250211,IND,NYK
Shot Chart Detail,0022400765,157,1630169,Tyrese Haliburton,1610612754,Indiana Pacers,1,0,1,Missed Shot,Pullup Jump shot,3PT Field Goal,Backcourt,Back Court(BC),Back Court Shot,44,34,447,1,0,20250211,IND,NYK
Shot Chart Detail,0022400765,293,1630169,Tyrese Haliburton,1610612754,Indiana Pacers,2,3,45,Missed Shot,Driving Finger Roll Layup Shot,2PT Field Goal,Restricted Area,Center(C),Less Than 8 ft.,2,21,18,1,0,20250211,IND,NYK
Shot Chart Detail,0022400765,338,1630169,Tyrese Haliburton,1610612754,Indiana Pacers,2,0,25,Made Shot,Driving Floating Jump Shot,2PT Field Goal,In The Paint (Non-RA),Center(C),8-16 ft.,11,-9,115,1,1,20250211,IND,NYK
Shot Chart Detail,0022400765,385,1630169,Tyrese Haliburton,1610612754,Indiana Pacers,3,8,16,Missed Shot,Driving Floating Jump Shot,2PT Field Goal,In The Paint (Non-RA),Center(C),8-16 ft.,13,60,125,1,0,20250211,IND,NYK
Shot Chart Detail,0022400765,409,1630169,Tyrese Haliburton,1610612754,Indiana Pacers,3,6,11,Made Shot,Driving Finger Roll Layup Shot,2PT Field Goal,Restricted Area,Center(C),Less Than 8 ft.,1,9,13,1,1,20250211,IND,NYK
Shot Chart Detail,0022400765,418,1630169,Tyrese Haliburton,1610612754,Indiana Pacers,3,5,8,Made Shot,Driving Floating Bank Jump Shot,2PT Field Goal,Mid-Range,Right Side(R),8-16 ft.,13,116,66,1,1,20250211,IND,NYK
Shot Chart Detail,0022400765,456,1630169,Tyrese Haliburton,1610612754,Indiana Pacers,3,2,46,Made Shot,Driving Finger Roll Layup Shot,2PT Field Goal,Restricted Area,Center(C),Less Than 8 ft.,2,-1,26,1,1,20250211,IND,NYK
Shot Chart Detail,0022400765,476,1630169,Tyrese Haliburton,1610612754,Indiana Pacers,3,1,48,Missed Shot,Pullup Jump shot,2PT Field Goal,Mid-Range,Center(C),16-24 ft.,19,33,193,1,0,20250211,IND,NYK
Shot Chart Detail,0022400765,508,1630169,Tyrese Haliburton,1610612754,Indiana Pacers,3,0,1,Missed Shot,Driving Floating Jump Shot,2PT Field Goal,Mid-Range,Center(C),8-16 ft.,15,-49,146,1,0,20250211,IND,NYK
Shot Chart Detail,0022400765,624,1630169,Tyrese Haliburton,1610612754,Indiana Pacers,4,4,10,Made Shot,Step Back Jump shot,3PT Field Goal,Above the Break 3,Left Side Center(LC),24+ ft.,25,-197,161,1,1,20250211,IND,NYK
Shot Chart Detail,0022400771,43,1630169,Tyrese Haliburton,1610612754,Indiana Pacers,1,8,34,Made Shot,Jump Shot,3PT Field Goal,Above the Break 3,Right Side Center(RC),24+ ft.,28,196,201,1,1,20250212,WAS,IND
Shot Chart Detail,0022400771,47,1630169,Tyrese Haliburton,1610612754,Indiana Pacers,1,8,17,Made Shot,Running Dunk Shot,2PT Field Goal,Restricted Area,Center(C),Less Than 8 ft.,0,-1,5,1,1,20250212,WAS,IND
Shot Chart Detail,0022400771,65,1630169,Tyrese Haliburton,1610612754,Indiana Pacers,1,7,18,Missed Shot,Step Back Jump shot,3PT Field Goal,Above the Break 3,Right Side Center(RC),24+ ft.,25,214,146,1,0,20250212,WAS,IND
Shot Chart Detail,0022400771,90,1630169,Tyrese Haliburton,1610612754,Indiana Pacers,1,5,30,Missed Shot,Driving Floating Jump Shot,2PT Field Goal,In The Paint (Non-RA),Center(C),Less Than 8 ft.,7,4,79,1,0,20250212,WAS,IND
Shot Chart Detail,0022400771,107,1630169,Tyrese Haliburton,1610612754,Indiana Pacers,1,4,25,Made Shot,Pullup Jump shot,2PT Field Goal,Mid-Range,Left Side(L),16-24 ft.,18,-157,90,1,1,20250212,WAS,IND
Shot Chart Detail,0022400771,119,1630169,Tyrese Haliburton,1610612754,Indiana Pacers,1,3,34,Missed Shot,Turnaround Fadeaway shot,2PT Field Goal,Mid-Range,Right Side Center(RC),16-24 ft.,18,85,167,1,0,20250212,WAS,IND
Shot Chart Detail,0022400771,140,1630169,Tyrese Haliburton,1610612754,Indiana Pacers,1,2,8,Missed Shot,Pullup Jump shot,3PT Field Goal,Above the Break 3,Left Side Center(LC),24+ ft.,25,-107,232,1,0,20250212,WAS,IND
Shot Chart Detail,0022400771,347,1630169,Tyrese Haliburton,1610612754,Indiana Pacers,3,11,8,Made Shot,Driving Floating Jump Shot,2PT Field Goal,In The Paint (Non-RA),Center(C),8-16 ft.,14,69,131,1,1,20250212,WAS,IND
Shot Chart Detail,0022400771,364,1630169,Tyrese Haliburton,1610612754,Indiana Pacers,3,9,48,Made Shot,Jump Shot,3PT Field Goal,Above the Break 3,Left Side Center(LC),24+ ft.,25,-206,151,1,1,20250212,WAS,IND
Shot Chart Detail,0022400771,400,1630169,Tyrese Haliburton,1610612754,Indiana Pacers,3,7,21,Missed Shot,Driving Finger Roll Layup Shot,2PT Field Goal,In The Paint (Non-RA),Center(C),Less Than 8 ft.,7,74,19,1,0,20250212,WAS,IND
Shot Chart Detail,0022400771,595,1630169,Tyrese Haliburton,1610612754,Indiana Pacers,4,5,13,Made Shot,Pullup Jump shot,3PT Field Goal,Above the Break 3,Left Side Center(LC),24+ ft.,25,-219,138,1,1,20250212,WAS,IND
Shot Chart Detail,0022400771,617,1630169,Tyrese Haliburton,1610612754,Indiana Pacers,4,3,51,Missed Shot,Driving Floating Bank Jump Shot,2PT Field Goal,Mid-Range,Right Side(R),8-16 ft.,10,88,50,1,0,20250212,WAS,IND
Shot Chart Detail,0022400771,625,1630169,Tyrese Haliburton,1610612754,Indiana Pacers,4,3,22,Missed Shot,Driving Reverse Layup Shot,2PT Field Goal,Restricted Area,Center(C),Less Than 8 ft.,3,-37,13,1,0,20250212,WAS,IND
Shot Chart Detail,0022400771,641,1630169,Tyrese Haliburton,1610612754,Indiana Pacers,4,2,13,Made Shot,Step Back Jump shot,3PT Field Goal,Above the Break 3,Center(C),24+ ft.,25,-25,251,1,1,20250212,WAS,IND
Shot Chart Detail,0022400771,644,1630169,Tyrese Haliburton,1610612754,Indiana Pacers,4,1,43,Missed Shot,Turnaround Jump Shot,2PT Field Goal,Mid-Range,Left Side(L),8-16 ft.,11,-105,43,1,0,20250212,WAS,IND
Shot Chart Detail,0022400771,650,1630169,Tyrese Haliburton,1610612754,Indiana Pacers,4,1,17,Missed Shot,Pullup Jump shot,3PT Field Goal,Above the Break 3,Center(C),24+ ft.,25,-55,252,1,0,20250212,WAS,IND
Shot Chart Detail,0022400771,696,1630169,Tyrese Haliburton,1610612754,Indiana Pacers,5,4,36,Missed Shot,Running Jump Shot,3PT Field Goal,Above the Break 3,Left Side Center(LC),24+ ft.,25,-167,193,1,0,20250212,WAS,IND
Shot Chart Detail,0022400771,705,1630169,Tyrese Haliburton,1610612754,Indiana Pacers,5,3,12,Made Shot,Driving Reverse Layup Shot,2PT Field Goal,Restricted Area,Center(C),Less Than 8 ft.,1,-11,-1,1,1,20250212,WAS,IND
Shot Chart Detail,0022400788,13,1630169,Tyrese Haliburton,1610612754,Indiana Pacers,1,11,5,Missed Shot,Jump Shot,3PT Field Goal,Above the Break 3,Right Side Center(RC),24+ ft.,26,120,232,1,0,20250220,IND,MEM
Shot Chart Detail,0022400788,29,1630169,Tyrese Haliburton,1610612754,Indiana Pacers,1,9,49,Missed Shot,Driving Floating Jump Shot,2PT Field Goal,In The Paint (Non-RA),Center(C),Less Than 8 ft.,7,28,69,1,0,20250220,IND,MEM
Shot Chart Detail,0022400788,45,1630169,Tyrese Haliburton,1610612754,Indiana Pacers,1,8,41,Missed Shot,Pullup Jump shot,3PT Field Goal,Above the Break 3,Right Side Center(RC),24+ ft.,27,156,223,1,0,20250220,IND,MEM
Shot Chart Detail,0022400788,127,1630169,Tyrese Haliburton,1610612754,Indiana Pacers,1,3,16,Missed Shot,Pullup Jump shot,3PT Field Goal,Above the Break 3,Center(C),24+ ft.,25,-58,250,1,0,20250220,IND,MEM
Shot Chart Detail,0022400788,315,1630169,Tyrese Haliburton,1610612754,Indiana Pacers,2,3,37,Missed Shot,Jump Shot,3PT Field Goal,Above the Break 3,Right Side Center(RC),24+ ft.,28,201,197,1,0,20250220,IND,MEM
Shot Chart Detail,0022400788,317,1630169,Tyrese Haliburton,1610612754,Indiana Pacers,2,3,30,Made Shot,Jump Shot,3PT Field Goal,Above the Break 3,Right Side Center(RC),24+ ft.,24,228,96,1,1,20250220,IND,MEM
Shot Chart Detail,0022400788,321,1630169,Tyrese Haliburton,1610612754,Indiana Pacers,2,3,6,Made Shot,Pullup Jump shot,3PT Field Goal,Above the Break 3,Right Side Center(RC),24+ ft.,28,106,261,1,1,20250220,IND,MEM
Shot Chart Detail,0022400788,327,1630169,Tyrese Haliburton,1610612754,Indiana Pacers,2,2,31,Made Shot,Driving Finger Roll Layup Shot,2PT Field Goal,In The Paint (Non-RA),Center(C),Less Than 8 ft.,7,40,62,1,1,20250220,IND,MEM
Shot Chart Detail,0022400788,361,1630169,Tyrese Haliburton,1610612754,Indiana Pacers,2,0,37,Made Shot,Driving Layup Shot,2PT Field Goal,In The Paint (Non-RA),Center(C),8-16 ft.,10,25,98,1,1,20250220,IND,MEM
Shot Chart Detail,0022400788,391,1630169,Tyrese Haliburton,1610612754,Indiana Pacers,3,11,47,Made Shot,Jump Shot,3PT Field Goal,Above the Break 3,Center(C),24+ ft.,26,-17,261,1,1,20250220,IND,MEM
Shot Chart Detail,0022400788,399,1630169,Tyrese Haliburton,1610612754,Indiana Pacers,3,11,11,Made Shot,Running Finger Roll Layup Shot,2PT Field Goal,In The Paint (Non-RA),Center(C),8-16 ft.,8,28,80,1,1,20250220,IND,MEM
Shot Chart Detail,0022400788,437,1630169,Tyrese Haliburton,1610612754,Indiana Pacers,3,8,24,Missed Shot,Jump Shot,3PT Field Goal,Above the Break 3,Center(C),24+ ft.,27,-7,273,1,0,20250220,IND,MEM
Shot Chart Detail,0022400788,450,1630169,Tyrese Haliburton,1610612754,Indiana Pacers,3,7,20,Made Shot,Driving Finger Roll Layup Shot,2PT Field Goal,Mid-Range,Right Side(R),8-16 ft.,9,85,39,1,1,20250220,IND,MEM
Shot Chart Detail,0022400788,458,1630169,Tyrese Haliburton,1610612754,Indiana Pacers,3,7,4,Missed Shot,Pullup Jump shot,3PT Field Goal,Above the Break 3,Right Side Center(RC),24+ ft.,26,143,219,1,0,20250220,IND,MEM
Shot Chart Detail,0022400788,669,1630169,Tyrese Haliburton,1610612754,Indiana Pacers,4,5,52,Made Shot,Running Dunk Shot,2PT Field Goal,In The Paint (Non-RA),Center(C),Less Than 8 ft.,6,26,56,1,1,20250220,IND,MEM
Shot Chart Detail,0022400788,685,1630169,Tyrese Haliburton,1610612754,Indiana Pacers,4,4,47,Missed Shot,Step Back Jump shot,3PT Field Goal,Above the Break 3,Center(C),24+ ft.,28,70,276,1,0,20250220,IND,MEM
Shot Chart Detail,0022400788,708,1630169,Tyrese Haliburton,1610612754,Indiana Pacers,4,2,36,Made Shot,Pullup Jump shot,3PT Field Goal,Above the Break 3,Center(C),24+ ft.,27,19,279,1,1,20250220,IND,MEM
Shot Chart Detail,0022400813,27,1630169,Tyrese Haliburton,1610612754,Indiana Pacers,1,9,35,Missed Shot,Step Back Jump shot,2PT Field Goal,Mid-Range,Left Side Center(LC),16-24 ft.,17,-116,132,1,0,20250223,IND,LAC
Shot Chart Detail,0022400813,73,1630169,Tyrese Haliburton,1610612754,Indiana Pacers,1,5,30,Made Shot,Jump Shot,3PT Field Goal,Above the Break 3,Center(C),24+ ft.,29,1,295,1,1,20250223,IND,LAC
Shot Chart Detail,0022400813,222,1630169,Tyrese Haliburton,1610612754,Indiana Pacers,2,6,48,Missed Shot,Pullup Jump shot,3PT Field Goal,Above the Break 3,Center(C),24+ ft.,29,-42,294,1,0,20250223,IND,LAC
Shot Chart Detail,0022400813,242,1630169,Tyrese Haliburton,1610612754,Indiana Pacers,2,5,7,Missed Shot,Pullup Jump shot,3PT Field Goal,Above the Break 3,Center(C),24+ ft.,26,-72,253,1,0,20250223,IND,LAC
Shot Chart Detail,0022400813,270,1630169,Tyrese Haliburton,1610612754,Indiana Pacers,2,3,5,Made Shot,Floating Jump shot,2PT Field Goal,In The Paint (Non-RA),Center(C),8-16 ft.,13,42,130,1,1,20250223,IND,LAC
Shot Chart Detail,0022400813,291,1630169,Tyrese Haliburton,1610612754,Indiana Pacers,2,2,0,Made Shot,Running Finger Roll Layup Shot,2PT Field Goal,Restricted Area,Center(C),Less Than 8 ft.,2,10,20,1,1,20250223,IND,LAC
Shot Chart Detail,0022400813,310,1630169,Tyrese Haliburton,1610612754,Indiana Pacers,2,0,31,Made Shot,Driving Hook Shot,2PT Field Goal,In The Paint (Non-RA),Center(C),Less Than 8 ft.,6,-2,68,1,1,20250223,IND,LAC
Shot Chart Detail,0022400813,393,1630169,Tyrese Haliburton,1610612754,Indiana Pacers,3,7,39,Made Shot,Driving Finger Roll Layup Shot,2PT Field Goal,Restricted Area,Center(C),Less Than 8 ft.,1,4,10,1,1,20250223,IND,LAC
Shot Chart Detail,0022400813,418,1630169,Tyrese Haliburton,1610612754,Indiana Pacers,3,6,29,Made Shot,Driving Floating Jump Shot,2PT Field Goal,Mid-Range,Center(C),16-24 ft.,16,28,165,1,1,20250223,IND,LAC
Shot Chart Detail,0022400813,422,1630169,Tyrese Haliburton,1610612754,Indiana Pacers,3,6,4,Made Shot,Pullup Jump shot,3PT Field Goal,Above the Break 3,Center(C),24+ ft.,26,26,263,1,1,20250223,IND,LAC
Shot Chart Detail,0022400813,426,1630169,Tyrese Haliburton,1610612754,Indiana Pacers,3,5,29,Made Shot,Pullup Jump shot,3PT Field Goal,Above the Break 3,Right Side Center(RC),24+ ft.,25,208,151,1,1,20250223,IND,LAC
Shot Chart Detail,0022400813,429,1630169,Tyrese Haliburton,1610612754,Indiana Pacers,3,4,57,Made Shot,Pullup Jump shot,3PT Field Goal,Above the Break 3,Left Side Center(LC),24+ ft.,29,-186,223,1,1,20250223,IND,LAC
Shot Chart Detail,0022400813,504,1630169,Tyrese Haliburton,1610612754,Indiana Pacers,3,0,31,Missed Shot,Pullup Jump shot,3PT Field Goal,Above the Break 3,Left Side Center(LC),24+ ft.,30,-118,281,1,0,20250223,IND,LAC
Shot Chart Detail,0022400813,639,1630169,Tyrese Haliburton,1610612754,Indiana Pacers,4,3,45,Missed Shot,Step Back Jump shot,3PT Field Goal,Above the Break 3,Center(C),24+ ft.,31,44,314,1,0,20250223,IND,LAC
Shot Chart Detail,0022400822,103,1630169,Tyrese Haliburton,1610612754,Indiana Pacers,1,3,59,Made Shot,Step Back Jump shot,3PT Field Goal,Above the Break 3,Left Side Center(LC),24+ ft.,26,-230,126,1,1,20250224,IND,DEN
Shot Chart Detail,0022400822,107,1630169,Tyrese Haliburton,1610612754,Indiana Pacers,1,3,30,Missed Shot,Step Back Jump shot,3PT Field Goal,Left Corner 3,Left Side(L),24+ ft.,23,-232,13,1,0,20250224,IND,DEN
Shot Chart Detail,0022400822,255,1630169,Tyrese Haliburton,1610612754,Indiana Pacers,2,7,10,Made Shot,Pullup Jump shot,3PT Field Goal,Above the Break 3,Right Side Center(RC),24+ ft.,25,176,184,1,1,20250224,IND,DEN
Shot Chart Detail,0022400822,383,1630169,Tyrese Haliburton,1610612754,Indiana Pacers,3,10,33,Made Shot,Jump Shot,3PT Field Goal,Above the Break 3,Left Side Center(LC),24+ ft.,24,-190,158,1,1,20250224,IND,DEN
Shot Chart Detail,0022400822,411,1630169,Tyrese Haliburton,1610612754,Indiana Pacers,3,8,10,Missed Shot,Step Back Jump shot,3PT Field Goal,Above the Break 3,Right Side Center(RC),24+ ft.,30,104,282,1,0,20250224,IND,DEN
Shot Chart Detail,0022400822,561,1630169,Tyrese Haliburton,1610612754,Indiana Pacers,4,10,12,Made Shot,Pullup Jump shot,3PT Field Goal,Above the Break 3,Left Side Center(LC),24+ ft.,25,-203,147,1,1,20250224,IND,DEN
Shot Chart Detail,0022400822,594,1630169,Tyrese Haliburton,1610612754,Indiana Pacers,4,7,56,Made Shot,Pullup Jump shot,3PT Field Goal,Above the Break 3,Left Side Center(LC),24+ ft.,29,-116,271,1,1,20250224,IND,DEN
Shot Chart Detail,0022400822,617,1630169,Tyrese Haliburton,1610612754,Indiana Pacers,4,6,33,Missed Shot,Pullup Jump shot,3PT Field Goal,Above the Break 3,Center(C),24+ ft.,27,-1,272,1,0,20250224,IND,DEN
Shot Chart Detail,0022400822,640,1630169,Tyrese Haliburton,1610612754,Indiana Pacers,4,4,46,Made Shot,Running Dunk Shot,2PT Field Goal,Restricted Area,Center(C),Less Than 8 ft.,0,0,3,1,1,20250224,IND,DEN
Shot Chart Detail,0022400822,658,1630169,Tyrese Haliburton,1610612754,Indiana Pacers,4,2,50,Missed Shot,Pullup Jump shot,3PT Field Goal,Above the Break 3,Left Side Center(LC),24+ ft.,25,-127,218,1,0,20250224,IND,DEN
Shot Chart Detail,0022400822,686,1630169,Tyrese Haliburton,1610612754,Indiana Pacers,4,0,2,Missed Shot,Pullup Jump shot,3PT Field Goal,Backcourt,Back Court(BC),Back Court Shot,44,87,437,1,0,20250224,IND,DEN
Shot Chart Detail,0022400837,15,1630169,Tyrese Haliburton,1610612754,Indiana Pacers,1,10,44,Made Shot,Step Back Jump shot,3PT Field Goal,Above the Break 3,Center(C),24+ ft.,27,-72,269,1,1,20250226,IND,TOR
Shot Chart Detail,0022400837,27,1630169,Tyrese Haliburton,1610612754,Indiana Pacers,1,9,18,Made Shot,Step Back Jump shot,3PT Field Goal,Above the Break 3,Right Side Center(RC),24+ ft.,30,197,227,1,1,20250226,IND,TOR
Shot Chart Detail,0022400837,82,1630169,Tyrese Haliburton,1610612754,Indiana Pacers,1,5,28,Made Shot,Jump Shot,3PT Field Goal,Above the Break 3,Left Side Center(LC),24+ ft.,26,-123,237,1,1,20250226,IND,TOR
Shot Chart Detail,0022400837,97,1630169,Tyrese Haliburton,1610612754,Indiana Pacers,1,4,30,Made Shot,Pullup Jump shot,3PT Field Goal,Above the Break 3,Center(C),24+ ft.,33,45,327,1,1,20250226,IND,TOR
Shot Chart Detail,0022400837,103,1630169,Tyrese Haliburton,1610612754,Indiana Pacers,1,4,17,Missed Shot,Running Pull-Up Jump Shot,3PT Field Goal,Above the Break 3,Right Side Center(RC),24+ ft.,28,108,264,1,0,20250226,IND,TOR
Shot Chart Detail,0022400837,238,1630169,Tyrese Haliburton,1610612754,Indiana Pacers,2,5,50,Missed Shot,Step Back Jump shot,3PT Field Goal,Above the Break 3,Left Side Center(LC),24+ ft.,28,-98,269,1,0,20250226,IND,TOR
Shot Chart Detail,0022400837,259,1630169,Tyrese Haliburton,1610612754,Indiana Pacers,2,4,29,Made Shot,Step Back Jump shot,3PT Field Goal,Above the Break 3,Right Side Center(RC),24+ ft.,27,217,172,1,1,20250226,IND,TOR
Shot Chart Detail,0022400837,305,1630169,Tyrese Haliburton,1610612754,Indiana Pacers,2,1,1,Made Shot,Driving Floating Jump Shot,2PT Field Goal,In The Paint (Non-RA),Center(C),8-16 ft.,11,5,111,1,1,20250226,IND,TOR
Shot Chart Detail,0022400837,329,1630169,Tyrese Haliburton,1610612754,Indiana Pacers,3,11,36,Made Shot,Driving Finger Roll Layup Shot,2PT Field Goal,Restricted Area,Center(C),Less Than 8 ft.,1,17,7,1,1,20250226,IND,TOR
Shot Chart Detail,0022400837,399,1630169,Tyrese Haliburton,1610612754,Indiana Pacers,3,6,20,Made Shot,Driving Floating Jump Shot,2PT Field Goal,Mid-Range,Left Side(L),8-16 ft.,11,-97,53,1,1,20250226,IND,TOR
Shot Chart Detail,0022400837,434,1630169,Tyrese Haliburton,1610612754,Indiana Pacers,3,4,21,Made Shot,Running Finger Roll Layup Shot,2PT Field Goal,Restricted Area,Center(C),Less Than 8 ft.,2,16,13,1,1,20250226,IND,TOR
Shot Chart Detail,0022400837,453,1630169,Tyrese Haliburton,1610612754,Indiana Pacers,3,2,35,Made Shot,Running Jump Shot,3PT Field Goal,Above the Break 3,Right Side Center(RC),24+ ft.,28,164,239,1,1,20250226,IND,TOR
Shot Chart Detail,0022400837,586,1630169,Tyrese Haliburton,1610612754,Indiana Pacers,4,4,44,Made Shot,Pullup Jump shot,3PT Field Goal,Above the Break 3,Center(C),24+ ft.,27,-53,268,1,1,20250226,IND,TOR
Shot Chart Detail,0022400837,594,1630169,Tyrese Haliburton,1610612754,Indiana Pacers,4,3,35,Missed Shot,Driving Layup Shot,2PT Field Goal,Restricted Area,Center(C),Less Than 8 ft.,2,-22,-5,1,0,20250226,IND,TOR
Shot Chart Detail,0022400837,601,1630169,Tyrese Haliburton,1610612754,Indiana Pacers,4,3,23,Made Shot,Running Dunk Shot,2PT Field Goal,Restricted Area,Center(C),Less Than 8 ft.,1,10,0,1,1,20250226,IND,TOR
Shot Chart Detail,0022400854,14,1630169,Tyrese Haliburton,1610612754,Indiana Pacers,1,10,39,Missed Shot,Driving Layup Shot,2PT Field Goal,In The Paint (Non-RA),Center(C),Less Than 8 ft.,4,45,9,1,0,20250228,MIA,IND
Shot Chart Detail,0022400854,29,1630169,Tyrese Haliburton,1610612754,Indiana Pacers,1,9,28,Missed Shot,Pullup Jump shot,2PT Field Goal,Mid-Range,Center(C),8-16 ft.,15,7,150,1,0,20250228,MIA,IND
Shot Chart Detail,0022400854,86,1630169,Tyrese Haliburton,1610612754,Indiana Pacers,1,4,38,Made Shot,Step Back Jump shot,3PT Field Goal,Above the Break 3,Center(C),24+ ft.,24,64,239,1,1,20250228,MIA,IND
Shot Chart Detail,0022400854,89,1630169,Tyrese Haliburton,1610612754,Indiana Pacers,1,4,14,Made Shot,Pullup Jump shot,3PT Field Goal,Above the Break 3,Center(C),24+ ft.,25,-50,247,1,1,20250228,MIA,IND
Shot Chart Detail,0022400854,188,1630169,Tyrese Haliburton,1610612754,Indiana Pacers,2,7,28,Made Shot,Jump Shot,3PT Field Goal,Above the Break 3,Right Side Center(RC),24+ ft.,25,213,138,1,1,20250228,MIA,IND
Shot Chart Detail,0022400854,222,1630169,Tyrese Haliburton,1610612754,Indiana Pacers,2,5,23,Missed Shot,Pullup Jump shot,2PT Field Goal,Mid-Range,Right Side Center(RC),16-24 ft.,17,70,155,1,0,20250228,MIA,IND
Shot Chart Detail,0022400854,281,1630169,Tyrese Haliburton,1610612754,Indiana Pacers,2,0,56,Missed Shot,Driving Floating Jump Shot,2PT Field Goal,In The Paint (Non-RA),Center(C),Less Than 8 ft.,7,-1,71,1,0,20250228,MIA,IND
Shot Chart Detail,0022400854,294,1630169,Tyrese Haliburton,1610612754,Indiana Pacers,3,11,41,Made Shot,Jump Shot,2PT Field Goal,Mid-Range,Left Side Center(LC),16-24 ft.,22,-121,186,1,1,20250228,MIA,IND
Shot Chart Detail,0022400854,301,1630169,Tyrese Haliburton,1610612754,Indiana Pacers,3,10,59,Made Shot,Driving Floating Bank Jump Shot,2PT Field Goal,Mid-Range,Right Side(R),8-16 ft.,10,93,46,1,1,20250228,MIA,IND
Shot Chart Detail,0022400854,304,1630169,Tyrese Haliburton,1610612754,Indiana Pacers,3,10,41,Made Shot,Running Layup Shot,2PT Field Goal,Restricted Area,Center(C),Less Than 8 ft.,1,5,10,1,1,20250228,MIA,IND
Shot Chart Detail,0022400854,348,1630169,Tyrese Haliburton,1610612754,Indiana Pacers,3,6,19,Missed Shot,Driving Layup Shot,2PT Field Goal,Restricted Area,Center(C),Less Than 8 ft.,2,26,12,1,0,20250228,MIA,IND
Shot Chart Detail,0022400854,369,1630169,Tyrese Haliburton,1610612754,Indiana Pacers,3,5,3,Missed Shot,Step Back Jump shot,3PT Field Goal,Above the Break 3,Right Side Center(RC),24+ ft.,24,208,130,1,0,20250228,MIA,IND
Shot Chart Detail,0022400854,405,1630169,Tyrese Haliburton,1610612754,Indiana Pacers,3,2,38,Missed Shot,Pullup Jump shot,3PT Field Goal,Above the Break 3,Center(C),24+ ft.,30,5,309,1,0,20250228,MIA,IND
Shot Chart Detail,0022400854,528,1630169,Tyrese Haliburton,1610612754,Indiana Pacers,4,4,33,Made Shot,Running Dunk Shot,2PT Field Goal,Restricted Area,Center(C),Less Than 8 ft.,0,-1,5,1,1,20250228,MIA,IND
Shot Chart Detail,0022400854,570,1630169,Tyrese Haliburton,1610612754,Indiana Pacers,4,1,4,Made Shot,Pullup Jump shot,2PT Field Goal,Mid-Range,Right Side Center(RC),16-24 ft.,16,113,126,1,1,20250228,MIA,IND
Shot Chart Detail,0022400868,52,1630169,Tyrese Haliburton,1610612754,Indiana Pacers,1,7,27,Made Shot,Pullup Jump shot,2PT Field Goal,In The Paint (Non-RA),Center(C),8-16 ft.,9,18,98,1,1,20250302,IND,CHI
Shot Chart Detail,0022400868,92,1630169,Tyrese Haliburton,1610612754,Indiana Pacers,1,5,40,Missed Shot,Pullup Jump shot,2PT Field Goal,Mid-Range,Center(C),16-24 ft.,18,12,182,1,0,20250302,IND,CHI
Shot Chart Detail,0022400868,100,1630169,Tyrese Haliburton,1610612754,Indiana Pacers,1,4,36,Missed Shot,Pullup Jump shot,3PT Field Goal,Above the Break 3,Right Side Center(RC),24+ ft.,30,112,285,1,0,20250302,IND,CHI
Shot Chart Detail,0022400868,106,1630169,Tyrese Haliburton,1610612754,Indiana Pacers,1,3,58,Made Shot,Driving Floating Jump Shot,2PT Field Goal,In The Paint (Non-RA),Right Side(R),8-16 ft.,9,69,63,1,1,20250302,IND,CHI
Shot Chart Detail,0022400868,237,1630169,Tyrese Haliburton,1610612754,Indiana Pacers,2,5,31,Made Shot,Pullup Jump shot,3PT Field Goal,Above the Break 3,Center(C),24+ ft.,29,74,282,1,1,20250302,IND,CHI
Shot Chart Detail,0022400868,245,1630169,Tyrese Haliburton,1610612754,Indiana Pacers,2,4,54,Made Shot,Step Back Jump shot,3PT Field Goal,Above the Break 3,Right Side Center(RC),24+ ft.,25,202,148,1,1,20250302,IND,CHI
Shot Chart Detail,0022400868,251,1630169,Tyrese Haliburton,1610612754,Indiana Pacers,2,4,36,Missed Shot,Running Reverse Layup Shot,2PT Field Goal,Restricted Area,Center(C),Less Than 8 ft.,1,-18,-1,1,0,20250302,IND,CHI
Shot Chart Detail,0022400868,285,1630169,Tyrese Haliburton,1610612754,Indiana Pacers,2,2,41,Made Shot,Step Back Jump shot,2PT Field Goal,Mid-Range,Right Side Center(RC),16-24 ft.,17,126,116,1,1,20250302,IND,CHI
Shot Chart Detail,0022400868,299,1630169,Tyrese Haliburton,1610612754,Indiana Pacers,2,0,30,Made Shot,Driving Floating Jump Shot,2PT Field Goal,Mid-Range,Right Side(R),8-16 ft.,15,123,100,1,1,20250302,IND,CHI
Shot Chart Detail,0022400868,301,1630169,Tyrese Haliburton,1610612754,Indiana Pacers,2,0,2,Missed Shot,Pullup Jump shot,3PT Field Goal,Above the Break 3,Center(C),24+ ft.,36,-83,356,1,0,20250302,IND,CHI
Shot Chart Detail,0022400868,331,1630169,Tyrese Haliburton,1610612754,Indiana Pacers,3,9,29,Made Shot,Tip Layup Shot,2PT Field Goal,Restricted Area,Center(C),Less Than 8 ft.,0,0,0,1,1,20250302,IND,CHI
Shot Chart Detail,0022400868,555,1630169,Tyrese Haliburton,1610612754,Indiana Pacers,4,5,56,Missed Shot,Pullup Jump shot,2PT Field Goal,Mid-Range,Right Side(R),16-24 ft.,16,150,73,1,0,20250302,IND,CHI
Shot Chart Detail,0022400882,21,1630169,Tyrese Haliburton,1610612754,Indiana Pacers,1,10,34,Made Shot,Driving Layup Shot,2PT Field Goal,In The Paint (Non-RA),Center(C),Less Than 8 ft.,5,47,27,1,1,20250304,IND,HOU
Shot Chart Detail,0022400882,27,1630169,Tyrese Haliburton,1610612754,Indiana Pacers,1,9,30,Missed Shot,Step Back Jump shot,2PT Field Goal,Mid-Range,Left Side Center(LC),16-24 ft.,17,-109,134,1,0,20250304,IND,HOU
Shot Chart Detail,0022400882,39,1630169,Tyrese Haliburton,1610612754,Indiana Pacers,1,8,41,Missed Shot,Fadeaway Jump Shot,2PT Field Goal,Mid-Range,Center(C),8-16 ft.,15,7,159,1,0,20250304,IND,HOU
Shot Chart Detail,0022400882,78,1630169,Tyrese Haliburton,1610612754,Indiana Pacers,1,5,12,Missed Shot,Pullup Jump shot,2PT Field Goal,Mid-Range,Right Side Center(RC),16-24 ft.,21,143,159,1,0,20250304,IND,HOU
Shot Chart Detail,0022400882,89,1630169,Tyrese Haliburton,1610612754,Indiana Pacers,1,4,43,Made Shot,Jump Shot,3PT Field Goal,Left Corner 3,Left Side(L),24+ ft.,23,-228,41,1,1,20250304,IND,HOU
Shot Chart Detail,0022400882,101,1630169,Tyrese Haliburton,1610612754,Indiana Pacers,1,3,42,Missed Shot,Pullup Jump shot,3PT Field Goal,Above the Break 3,Center(C),24+ ft.,27,70,262,1,0,20250304,IND,HOU
Shot Chart Detail,0022400882,240,1630169,Tyrese Haliburton,1610612754,Indiana Pacers,2,6,37,Made Shot,Running Pull-Up Jump Shot,3PT Field Goal,Above the Break 3,Center(C),24+ ft.,25,-4,251,1,1,20250304,IND,HOU
Shot Chart Detail,0022400882,282,1630169,Tyrese Haliburton,1610612754,Indiana Pacers,2,2,43,Made Shot,Pullup Jump shot,3PT Field Goal,Above the Break 3,Center(C),24+ ft.,27,-49,273,1,1,20250304,IND,HOU
Shot Chart Detail,0022400882,307,1630169,Tyrese Haliburton,1610612754,Indiana Pacers,2,0,49,Made Shot,Driving Finger Roll Layup Shot,2PT Field Goal,In The Paint (Non-RA),Center(C),Less Than 8 ft.,5,47,29,1,1,20250304,IND,HOU
Shot Chart Detail,0022400882,310,1630169,Tyrese Haliburton,1610612754,Indiana Pacers,2,0,30,Made Shot,Pullup Jump shot,3PT Field Goal,Above the Break 3,Left Side Center(LC),24+ ft.,26,-217,151,1,1,20250304,IND,HOU
Shot Chart Detail,0022400882,357,1630169,Tyrese Haliburton,1610612754,Indiana Pacers,3,10,22,Missed Shot,Jump Shot,3PT Field Goal,Above the Break 3,Left Side Center(LC),24+ ft.,28,-207,190,1,0,20250304,IND,HOU
Shot Chart Detail,0022400882,436,1630169,Tyrese Haliburton,1610612754,Indiana Pacers,3,3,24,Made Shot,Driving Layup Shot,2PT Field Goal,Restricted Area,Center(C),Less Than 8 ft.,3,12,31,1,1,20250304,IND,HOU
Shot Chart Detail,0022400882,559,1630169,Tyrese Haliburton,1610612754,Indiana Pacers,4,9,1,Missed Shot,Driving Layup Shot,2PT Field Goal,In The Paint (Non-RA),Center(C),Less Than 8 ft.,5,34,49,1,0,20250304,IND,HOU
Shot Chart Detail,0022400882,618,1630169,Tyrese Haliburton,1610612754,Indiana Pacers,4,5,9,Made Shot,Driving Floating Bank Jump Shot,2PT Field Goal,Mid-Range,Right Side(R),8-16 ft.,12,114,43,1,1,20250304,IND,HOU
Shot Chart Detail,0022400882,621,1630169,Tyrese Haliburton,1610612754,Indiana Pacers,4,4,37,Made Shot,Step Back Jump shot,3PT Field Goal,Above the Break 3,Left Side Center(LC),24+ ft.,27,-107,254,1,1,20250304,IND,HOU
Shot Chart Detail,0022400882,624,1630169,Tyrese Haliburton,1610612754,Indiana Pacers,4,4,14,Missed Shot,Pullup Jump shot,3PT Field Goal,Above the Break 3,Right Side Center(RC),24+ ft.,24,195,147,1,0,20250304,IND,HOU
Shot Chart Detail,0022400942,29,1630169,Tyrese Haliburton,1610612754,Indiana Pacers,1,8,40,Missed Shot,Pullup Jump shot,3PT Field Goal,Above the Break 3,Center(C),24+ ft.,26,-43,259,1,0,20250311,IND,MIL
Shot Chart Detail,0022400942,65,1630169,Tyrese Haliburton,1610612754,Indiana Pacers,1,5,32,Missed Shot,Pullup Jump shot,3PT Field Goal,Above the Break 3,Right Side Center(RC),24+ ft.,24,142,204,1,0,20250311,IND,MIL
Shot Chart Detail,0022400942,95,1630169,Tyrese Haliburton,1610612754,Indiana Pacers,1,3,8,Made Shot,Running Dunk Shot,2PT Field Goal,Restricted Area,Center(C),Less Than 8 ft.,3,0,31,1,1,20250311,IND,MIL
Shot Chart Detail,0022400942,289,1630169,Tyrese Haliburton,1610612754,Indiana Pacers,2,1,34,Missed Shot,Step Back Jump shot,3PT Field Goal,Above the Break 3,Right Side Center(RC),24+ ft.,26,165,207,1,0,20250311,IND,MIL
Shot Chart Detail,0022400942,295,1630169,Tyrese Haliburton,1610612754,Indiana Pacers,2,0,32,Missed Shot,Fadeaway Bank shot,2PT Field Goal,Mid-Range,Left Side(L),8-16 ft.,13,-126,55,1,0,20250311,IND,MIL
Shot Chart Detail,0022400942,334,1630169,Tyrese Haliburton,1610612754,Indiana Pacers,3,10,9,Missed Shot,Driving Floating Jump Shot,2PT Field Goal,In The Paint (Non-RA),Center(C),8-16 ft.,11,17,113,1,0,20250311,IND,MIL
Shot Chart Detail,0022400942,382,1630169,Tyrese Haliburton,1610612754,Indiana Pacers,3,5,53,Made Shot,Pullup Jump shot,3PT Field Goal,Above the Break 3,Left Side Center(LC),24+ ft.,27,-105,256,1,1,20250311,IND,MIL
Shot Chart Detail,0022400942,554,1630169,Tyrese Haliburton,1610612754,Indiana Pacers,4,6,25,Missed Shot,Pullup Jump shot,2PT Field Goal,Mid-Range,Right Side(R),16-24 ft.,18,179,58,1,0,20250311,IND,MIL
Shot Chart Detail,0022400942,567,1630169,Tyrese Haliburton,1610612754,Indiana Pacers,4,5,10,Made Shot,Driving Floating Jump Shot,2PT Field Goal,Restricted Area,Center(C),Less Than 8 ft.,3,17,34,1,1,20250311,IND,MIL
Shot Chart Detail,0022400942,583,1630169,Tyrese Haliburton,1610612754,Indiana Pacers,4,3,31,Made Shot,Running Dunk Shot,2PT Field Goal,Restricted Area,Center(C),Less Than 8 ft.,1,17,-5,1,1,20250311,IND,MIL
Shot Chart Detail,0022400942,597,1630169,Tyrese Haliburton,1610612754,Indiana Pacers,4,2,4,Missed Shot,Step Back Jump shot,3PT Field Goal,Above the Break 3,Right Side Center(RC),24+ ft.,28,216,193,1,0,20250311,IND,MIL
Shot Chart Detail,0022400942,637,1630169,Tyrese Haliburton,1610612754,Indiana Pacers,4,0,3,Made Shot,Fadeaway Jump Shot,3PT Field Goal,Left Corner 3,Left Side(L),24+ ft.,22,-222,-16,1,1,20250311,IND,MIL
Shot Chart Detail,0022400959,13,1630169,Tyrese Haliburton,1610612754,Indiana Pacers,1,10,47,Missed Shot,Pullup Jump shot,3PT Field Goal,Above the Break 3,Left Side Center(LC),24+ ft.,25,-124,218,1,0,20250314,PHI,IND
Shot Chart Detail,0022400959,50,1630169,Tyrese Haliburton,1610612754,Indiana Pacers,1,5,58,Missed Shot,Jump Shot,3PT Field Goal,Above the Break 3,Left Side Center(LC),24+ ft.,27,-143,239,1,0,20250314,PHI,IND
Shot Chart Detail,0022400959,83,1630169,Tyrese Haliburton,1610612754,Indiana Pacers,1,3,30,Missed Shot,Pullup Jump shot,2PT Field Goal,Mid-Range,Center(C),16-24 ft.,20,21,205,1,0,20250314,PHI,IND
Shot Chart Detail,0022400959,215,1630169,Tyrese Haliburton,1610612754,Indiana Pacers,2,7,11,Missed Shot,Driving Floating Jump Shot,2PT Field Goal,In The Paint (Non-RA),Center(C),8-16 ft.,11,15,110,1,0,20250314,PHI,IND
Shot Chart Detail,0022400959,247,1630169,Tyrese Haliburton,1610612754,Indiana Pacers,2,4,38,Made Shot,Driving Reverse Layup Shot,2PT Field Goal,Restricted Area,Center(C),Less Than 8 ft.,0,4,3,1,1,20250314,PHI,IND
Shot Chart Detail,0022400959,280,1630169,Tyrese Haliburton,1610612754,Indiana Pacers,2,2,1,Missed Shot,Jump Shot,3PT Field Goal,Above the Break 3,Right Side Center(RC),24+ ft.,25,227,115,1,0,20250314,PHI,IND
Shot Chart Detail,0022400959,320,1630169,Tyrese Haliburton,1610612754,Indiana Pacers,3,11,22,Missed Shot,Driving Finger Roll Layup Shot,2PT Field Goal,Restricted Area,Center(C),Less Than 8 ft.,1,-4,16,1,0,20250314,PHI,IND
Shot Chart Detail,0022400959,335,1630169,Tyrese Haliburton,1610612754,Indiana Pacers,3,9,46,Made Shot,Pullup Jump shot,3PT Field Goal,Above the Break 3,Right Side Center(RC),24+ ft.,27,211,172,1,1,20250314,PHI,IND
Shot Chart Detail,0022400959,379,1630169,Tyrese Haliburton,1610612754,Indiana Pacers,3,6,39,Made Shot,Driving Layup Shot,2PT Field Goal,Restricted Area,Center(C),Less Than 8 ft.,2,-2,27,1,1,20250314,PHI,IND
Shot Chart Detail,0022400959,412,1630169,Tyrese Haliburton,1610612754,Indiana Pacers,3,4,49,Missed Shot,Step Back Jump shot,3PT Field Goal,Left Corner 3,Left Side(L),24+ ft.,23,-237,29,1,0,20250314,PHI,IND
Shot Chart Detail,0022400959,486,1630169,Tyrese Haliburton,1610612754,Indiana Pacers,3,0,29,Made Shot,Tip Layup Shot,2PT Field Goal,Restricted Area,Center(C),Less Than 8 ft.,0,0,0,1,1,20250314,PHI,IND
Shot Chart Detail,0022400959,504,1630169,Tyrese Haliburton,1610612754,Indiana Pacers,4,11,21,Made Shot,Step Back Jump shot,3PT Field Goal,Above the Break 3,Center(C),24+ ft.,27,38,277,1,1,20250314,PHI,IND
Shot Chart Detail,0022400959,507,1630169,Tyrese Haliburton,1610612754,Indiana Pacers,4,11,1,Missed Shot,Pullup Jump shot,3PT Field Goal,Above the Break 3,Center(C),24+ ft.,28,22,288,1,0,20250314,PHI,IND
Shot Chart Detail,0022400972,62,1630169,Tyrese Haliburton,1610612754,Indiana Pacers,1,6,34,Made Shot,Pullup Jump shot,3PT Field Goal,Above the Break 3,Right Side Center(RC),24+ ft.,28,131,258,1,1,20250315,MIL,IND
Shot Chart Detail,0022400972,65,1630169,Tyrese Haliburton,1610612754,Indiana Pacers,1,5,59,Made Shot,Pullup Jump shot,3PT Field Goal,Above the Break 3,Left Side Center(LC),24+ ft.,26,-116,236,1,1,20250315,MIL,IND
Shot Chart Detail,0022400972,96,1630169,Tyrese Haliburton,1610612754,Indiana Pacers,1,3,56,Made Shot,Pullup Jump shot,2PT Field Goal,Mid-Range,Right Side(R),8-16 ft.,15,89,126,1,1,20250315,MIL,IND
Shot Chart Detail,0022400972,149,1630169,Tyrese Haliburton,1610612754,Indiana Pacers,1,0,1,Missed Shot,Pullup Jump shot,3PT Field Goal,Above the Break 3,Right Side Center(RC),24+ ft.,28,212,184,1,0,20250315,MIL,IND
Shot Chart Detail,0022400972,240,1630169,Tyrese Haliburton,1610612754,Indiana Pacers,2,5,29,Made Shot,Running Dunk Shot,2PT Field Goal,Restricted Area,Center(C),Less Than 8 ft.,0,-6,-1,1,1,20250315,MIL,IND
Shot Chart Detail,0022400972,251,1630169,Tyrese Haliburton,1610612754,Indiana Pacers,2,4,31,Missed Shot,Pullup Jump shot,2PT Field Goal,Mid-Range,Right Side Center(RC),16-24 ft.,18,138,127,1,0,20250315,MIL,IND
Shot Chart Detail,0022400972,258,1630169,Tyrese Haliburton,1610612754,Indiana Pacers,2,3,55,Missed Shot,Running Jump Shot,3PT Field Goal,Above the Break 3,Right Side Center(RC),24+ ft.,27,190,204,1,0,20250315,MIL,IND
Shot Chart Detail,0022400972,270,1630169,Tyrese Haliburton,1610612754,Indiana Pacers,2,3,1,Missed Shot,Driving Layup Shot,2PT Field Goal,In The Paint (Non-RA),Center(C),Less Than 8 ft.,6,60,24,1,0,20250315,MIL,IND
Shot Chart Detail,0022400972,360,1630169,Tyrese Haliburton,1610612754,Indiana Pacers,3,8,8,Missed Shot,Pullup Jump shot,3PT Field Goal,Right Corner 3,Right Side(R),24+ ft.,22,224,8,1,0,20250315,MIL,IND
Shot Chart Detail,0022400972,374,1630169,Tyrese Haliburton,1610612754,Indiana Pacers,3,7,7,Missed Shot,Driving Floating Jump Shot,2PT Field Goal,Mid-Range,Right Side(R),8-16 ft.,13,98,96,1,0,20250315,MIL,IND
Shot Chart Detail,0022400972,385,1630169,Tyrese Haliburton,1610612754,Indiana Pacers,3,5,29,Made Shot,Driving Finger Roll Layup Shot,2PT Field Goal,Restricted Area,Center(C),Less Than 8 ft.,1,5,13,1,1,20250315,MIL,IND
Shot Chart Detail,0022400972,392,1630169,Tyrese Haliburton,1610612754,Indiana Pacers,3,4,44,Made Shot,Running Finger Roll Layup Shot,2PT Field Goal,Restricted Area,Center(C),Less Than 8 ft.,1,9,15,1,1,20250315,MIL,IND
Shot Chart Detail,0022400972,411,1630169,Tyrese Haliburton,1610612754,Indiana Pacers,3,4,7,Missed Shot,Pullup Jump shot,3PT Field Goal,Above the Break 3,Center(C),24+ ft.,28,-16,281,1,0,20250315,MIL,IND
Shot Chart Detail,0022400972,417,1630169,Tyrese Haliburton,1610612754,Indiana Pacers,3,3,39,Made Shot,Step Back Jump shot,2PT Field Goal,Mid-Range,Left Side Center(LC),16-24 ft.,23,-179,145,1,1,20250315,MIL,IND
Shot Chart Detail,0022400972,525,1630169,Tyrese Haliburton,1610612754,Indiana Pacers,4,7,57,Made Shot,Driving Layup Shot,2PT Field Goal,Restricted Area,Center(C),Less Than 8 ft.,0,2,8,1,1,20250315,MIL,IND
Shot Chart Detail,0022400972,541,1630169,Tyrese Haliburton,1610612754,Indiana Pacers,4,6,29,Made Shot,Driving Finger Roll Layup Shot,2PT Field Goal,Restricted Area,Center(C),Less Than 8 ft.,0,5,7,1,1,20250315,MIL,IND
Shot Chart Detail,0022401024,33,1630169,Tyrese Haliburton,1610612754,Indiana Pacers,1,9,15,Made Shot,Pullup Jump shot,2PT Field Goal,In The Paint (Non-RA),Center(C),8-16 ft.,11,5,110,1,1,20250322,IND,BKN
Shot Chart Detail,0022401024,77,1630169,Tyrese Haliburton,1610612754,Indiana Pacers,1,5,57,Missed Shot,Pullup Jump shot,3PT Field Goal,Above the Break 3,Right Side Center(RC),24+ ft.,26,127,235,1,0,20250322,IND,BKN
Shot Chart Detail,0022401024,83,1630169,Tyrese Haliburton,1610612754,Indiana Pacers,1,5,15,Made Shot,Driving Layup Shot,2PT Field Goal,In The Paint (Non-RA),Center(C),Less Than 8 ft.,4,40,20,1,1,20250322,IND,BKN
Shot Chart Detail,0022401024,93,1630169,Tyrese Haliburton,1610612754,Indiana Pacers,1,4,44,Made Shot,Running Pull-Up Jump Shot,2PT Field Goal,Mid-Range,Right Side(R),16-24 ft.,16,143,90,1,1,20250322,IND,BKN
Shot Chart Detail,0022401024,163,1630169,Tyrese Haliburton,1610612754,Indiana Pacers,1,0,0,Missed Shot,Jump Shot,3PT Field Goal,Above the Break 3,Left Side Center(LC),24+ ft.,27,-110,248,1,0,20250322,IND,BKN
Shot Chart Detail,0022401024,227,1630169,Tyrese Haliburton,1610612754,Indiana Pacers,2,7,9,Made Shot,Step Back Jump shot,3PT Field Goal,Above the Break 3,Left Side Center(LC),24+ ft.,25,-201,151,1,1,20250322,IND,BKN
Shot Chart Detail,0022401024,246,1630169,Tyrese Haliburton,1610612754,Indiana Pacers,2,5,11,Missed Shot,Driving Finger Roll Layup Shot,2PT Field Goal,In The Paint (Non-RA),Center(C),Less Than 8 ft.,4,-38,22,1,0,20250322,IND,BKN
Shot Chart Detail,0022401024,295,1630169,Tyrese Haliburton,1610612754,Indiana Pacers,2,1,26,Missed Shot,Jump Shot,3PT Field Goal,Above the Break 3,Right Side Center(RC),24+ ft.,26,109,243,1,0,20250322,IND,BKN
Shot Chart Detail,0022401024,371,1630169,Tyrese Haliburton,1610612754,Indiana Pacers,3,8,39,Made Shot,Driving Floating Jump Shot,2PT Field Goal,In The Paint (Non-RA),Left Side(L),8-16 ft.,10,-54,85,1,1,20250322,IND,BKN
Shot Chart Detail,0022401024,395,1630169,Tyrese Haliburton,1610612754,Indiana Pacers,3,6,56,Missed Shot,Pullup Jump shot,3PT Field Goal,Above the Break 3,Center(C),24+ ft.,32,69,314,1,0,20250322,IND,BKN
Shot Chart Detail,0022401024,586,1630169,Tyrese Haliburton,1610612754,Indiana Pacers,4,5,41,Missed Shot,Running Jump Shot,3PT Field Goal,Above the Break 3,Right Side Center(RC),24+ ft.,26,206,171,1,0,20250322,IND,BKN
Shot Chart Detail,0022401024,594,1630169,Tyrese Haliburton,1610612754,Indiana Pacers,4,4,36,Missed Shot,Running Layup Shot,2PT Field Goal,Restricted Area,Center(C),Less Than 8 ft.,3,27,16,1,0,20250322,IND,BKN
Shot Chart Detail,0022401024,625,1630169,Tyrese Haliburton,1610612754,Indiana Pacers,4,2,42,Missed Shot,Tip Layup Shot,2PT Field Goal,Restricted Area,Center(C),Less Than 8 ft.,0,0,0,1,0,20250322,IND,BKN
Shot Chart Detail,0022401037,46,1630169,Tyrese Haliburton,1610612754,Indiana Pacers,1,8,23,Missed Shot,Jump Shot,3PT Field Goal,Above the Break 3,Center(C),24+ ft.,26,0,263,1,0,20250324,IND,MIN
Shot Chart Detail,0022401037,54,1630169,Tyrese Haliburton,1610612754,Indiana Pacers,1,7,41,Made Shot,Running Finger Roll Layup Shot,2PT Field Goal,Restricted Area,Center(C),Less Than 8 ft.,1,-17,5,1,1,20250324,IND,MIN
Shot Chart Detail,0022401037,57,1630169,Tyrese Haliburton,1610612754,Indiana Pacers,1,7,11,Made Shot,Driving Floating Jump Shot,2PT Field Goal,In The Paint (Non-RA),Right Side(R),8-16 ft.,11,77,89,1,1,20250324,IND,MIN
Shot Chart Detail,0022401037,279,1630169,Tyrese Haliburton,1610612754,Indiana Pacers,2,5,16,Missed Shot,Step Back Jump shot,2PT Field Goal,Mid-Range,Left Side Center(LC),16-24 ft.,19,-159,120,1,0,20250324,IND,MIN
Shot Chart Detail,0022401037,288,1630169,Tyrese Haliburton,1610612754,Indiana Pacers,2,4,40,Made Shot,Driving Finger Roll Layup Shot,2PT Field Goal,Restricted Area,Center(C),Less Than 8 ft.,3,-36,16,1,1,20250324,IND,MIN
Shot Chart Detail,0022401037,301,1630169,Tyrese Haliburton,1610612754,Indiana Pacers,2,3,37,Made Shot,Driving Finger Roll Layup Shot,2PT Field Goal,In The Paint (Non-RA),Center(C),Less Than 8 ft.,6,32,53,1,1,20250324,IND,MIN
Shot Chart Detail,0022401037,337,1630169,Tyrese Haliburton,1610612754,Indiana Pacers,2,1,41,Missed Shot,Step Back Jump shot,2PT Field Goal,Mid-Range,Right Side Center(RC),16-24 ft.,18,97,161,1,0,20250324,IND,MIN
Shot Chart Detail,0022401037,354,1630169,Tyrese Haliburton,1610612754,Indiana Pacers,3,11,46,Made Shot,Driving Floating Bank Jump Shot,2PT Field Goal,Mid-Range,Right Side(R),8-16 ft.,12,116,37,1,1,20250324,IND,MIN
Shot Chart Detail,0022401037,358,1630169,Tyrese Haliburton,1610612754,Indiana Pacers,3,11,15,Missed Shot,Step Back Jump shot,3PT Field Goal,Above the Break 3,Right Side Center(RC),24+ ft.,24,165,179,1,0,20250324,IND,MIN
Shot Chart Detail,0022401037,362,1630169,Tyrese Haliburton,1610612754,Indiana Pacers,3,10,58,Made Shot,Jump Shot,3PT Field Goal,Above the Break 3,Left Side Center(LC),24+ ft.,26,-183,195,1,1,20250324,IND,MIN
Shot Chart Detail,0022401037,367,1630169,Tyrese Haliburton,1610612754,Indiana Pacers,3,10,27,Made Shot,Step Back Jump shot,3PT Field Goal,Above the Break 3,Right Side Center(RC),24+ ft.,25,223,120,1,1,20250324,IND,MIN
Shot Chart Detail,0022401037,424,1630169,Tyrese Haliburton,1610612754,Indiana Pacers,3,5,37,Made Shot,Pullup Jump shot,3PT Field Goal,Above the Break 3,Right Side Center(RC),24+ ft.,27,115,253,1,1,20250324,IND,MIN
Shot Chart Detail,0022401037,441,1630169,Tyrese Haliburton,1610612754,Indiana Pacers,3,4,15,Made Shot,Step Back Jump shot,2PT Field Goal,Mid-Range,Left Side Center(LC),16-24 ft.,22,-115,191,1,1,20250324,IND,MIN
Shot Chart Detail,0022401037,443,1630169,Tyrese Haliburton,1610612754,Indiana Pacers,3,3,42,Missed Shot,Step Back Jump shot,3PT Field Goal,Above the Break 3,Left Side Center(LC),24+ ft.,28,-131,249,1,0,20250324,IND,MIN
Shot Chart Detail,0022401037,579,1630169,Tyrese Haliburton,1610612754,Indiana Pacers,4,4,43,Missed Shot,Turnaround Fadeaway shot,2PT Field Goal,In The Paint (Non-RA),Center(C),8-16 ft.,13,1,131,1,0,20250324,IND,MIN
Shot Chart Detail,0022401037,586,1630169,Tyrese Haliburton,1610612754,Indiana Pacers,4,4,24,Missed Shot,Pullup Jump shot,3PT Field Goal,Above the Break 3,Center(C),24+ ft.,26,-10,269,1,0,20250324,IND,MIN
Shot Chart Detail,0022401055,33,1630169,Tyrese Haliburton,1610612754,Indiana Pacers,1,8,45,Missed Shot,Step Back Jump shot,3PT Field Goal,Right Corner 3,Right Side(R),24+ ft.,24,232,63,1,0,20250326,IND,LAL
Shot Chart Detail,0022401055,64,1630169,Tyrese Haliburton,1610612754,Indiana Pacers,1,6,15,Missed Shot,Jump Shot,3PT Field Goal,Above the Break 3,Right Side Center(RC),24+ ft.,26,142,221,1,0,20250326,IND,LAL
Shot Chart Detail,0022401055,84,1630169,Tyrese Haliburton,1610612754,Indiana Pacers,1,5,14,Made Shot,Step Back Jump shot,3PT Field Goal,Above the Break 3,Center(C),24+ ft.,27,22,274,1,1,20250326,IND,LAL
Shot Chart Detail,0022401055,109,1630169,Tyrese Haliburton,1610612754,Indiana Pacers,1,3,37,Made Shot,Running Dunk Shot,2PT Field Goal,Restricted Area,Center(C),Less Than 8 ft.,0,6,-5,1,1,20250326,IND,LAL
Shot Chart Detail,0022401055,240,1630169,Tyrese Haliburton,1610612754,Indiana Pacers,2,7,7,Missed Shot,Pullup Jump shot,3PT Field Goal,Above the Break 3,Center(C),24+ ft.,27,82,260,1,0,20250326,IND,LAL
Shot Chart Detail,0022401055,256,1630169,Tyrese Haliburton,1610612754,Indiana Pacers,2,6,12,Made Shot,Pullup Jump shot,2PT Field Goal,Mid-Range,Right Side(R),8-16 ft.,14,104,96,1,1,20250326,IND,LAL
Shot Chart Detail,0022401055,283,1630169,Tyrese Haliburton,1610612754,Indiana Pacers,2,3,52,Missed Shot,Step Back Jump shot,3PT Field Goal,Above the Break 3,Center(C),24+ ft.,25,69,248,1,0,20250326,IND,LAL
Shot Chart Detail,0022401055,331,1630169,Tyrese Haliburton,1610612754,Indiana Pacers,2,0,4,Missed Shot,Driving Finger Roll Layup Shot,2PT Field Goal,Restricted Area,Center(C),Less Than 8 ft.,2,-20,17,1,0,20250326,IND,LAL
Shot Chart Detail,0022401055,339,1630169,Tyrese Haliburton,1610612754,Indiana Pacers,3,11,43,Made Shot,Driving Floating Jump Shot,2PT Field Goal,In The Paint (Non-RA),Right Side(R),8-16 ft.,9,65,66,1,1,20250326,IND,LAL
Shot Chart Detail,0022401055,372,1630169,Tyrese Haliburton,1610612754,Indiana Pacers,3,8,44,Missed Shot,Step Back Jump shot,3PT Field Goal,Above the Break 3,Center(C),24+ ft.,25,-60,245,1,0,20250326,IND,LAL
Shot Chart Detail,0022401055,394,1630169,Tyrese Haliburton,1610612754,Indiana Pacers,3,6,10,Missed Shot,Step Back Jump shot,3PT Field Goal,Above the Break 3,Right Side Center(RC),24+ ft.,26,131,235,1,0,20250326,IND,LAL
Shot Chart Detail,0022401055,424,1630169,Tyrese Haliburton,1610612754,Indiana Pacers,3,3,58,Made Shot,Step Back Jump shot,2PT Field Goal,Mid-Range,Right Side Center(RC),16-24 ft.,21,143,161,1,1,20250326,IND,LAL
Shot Chart Detail,0022401055,452,1630169,Tyrese Haliburton,1610612754,Indiana Pacers,3,1,36,Missed Shot,Pullup Jump shot,3PT Field Goal,Above the Break 3,Center(C),24+ ft.,26,75,255,1,0,20250326,IND,LAL
Shot Chart Detail,0022401055,594,1630169,Tyrese Haliburton,1610612754,Indiana Pacers,4,3,21,Missed Shot,Pullup Jump shot,3PT Field Goal,Above the Break 3,Center(C),24+ ft.,25,6,255,1,0,20250326,IND,LAL
Shot Chart Detail,0022401055,615,1630169,Tyrese Haliburton,1610612754,Indiana Pacers,4,1,17,Made Shot,Driving Finger Roll Layup Shot,2PT Field Goal,Restricted Area,Center(C),Less Than 8 ft.,2,11,17,1,1,20250326,IND,LAL
Shot Chart Detail,0022401055,618,1630169,Tyrese Haliburton,1610612754,Indiana Pacers,4,0,42,Made Shot,Driving Floating Jump Shot,2PT Field Goal,In The Paint (Non-RA),Right Side(R),8-16 ft.,10,64,88,1,1,20250326,IND,LAL
Shot Chart Detail,0022401061,7,1630169,Tyrese Haliburton,1610612754,Indiana Pacers,1,11,46,Made Shot,Jump Shot,3PT Field Goal,Above the Break 3,Right Side Center(RC),24+ ft.,26,116,242,1,1,20250327,WAS,IND
Shot Chart Detail,0022401061,46,1630169,Tyrese Haliburton,1610612754,Indiana Pacers,1,8,52,Missed Shot,Pullup Jump shot,3PT Field Goal,Above the Break 3,Center(C),24+ ft.,27,61,269,1,0,20250327,WAS,IND
Shot Chart Detail,0022401061,107,1630169,Tyrese Haliburton,1610612754,Indiana Pacers,1,4,38,Made Shot,Step Back Jump shot,3PT Field Goal,Right Corner 3,Right Side(R),24+ ft.,24,233,63,1,1,20250327,WAS,IND
Shot Chart Detail,0022401061,111,1630169,Tyrese Haliburton,1610612754,Indiana Pacers,1,4,13,Made Shot,Running Pull-Up Jump Shot,3PT Field Goal,Above the Break 3,Right Side Center(RC),24+ ft.,26,154,220,1,1,20250327,WAS,IND
Shot Chart Detail,0022401061,139,1630169,Tyrese Haliburton,1610612754,Indiana Pacers,1,2,16,Made Shot,Pullup Jump shot,3PT Field Goal,Above the Break 3,Center(C),24+ ft.,31,-1,317,1,1,20250327,WAS,IND
Shot Chart Detail,0022401061,271,1630169,Tyrese Haliburton,1610612754,Indiana Pacers,2,3,19,Made Shot,Pullup Jump shot,2PT Field Goal,Mid-Range,Right Side Center(RC),16-24 ft.,20,94,180,1,1,20250327,WAS,IND
Shot Chart Detail,0022401061,279,1630169,Tyrese Haliburton,1610612754,Indiana Pacers,2,2,16,Missed Shot,Jump Shot,3PT Field Goal,Above the Break 3,Left Side Center(LC),24+ ft.,37,-132,349,1,0,20250327,WAS,IND
Shot Chart Detail,0022401061,287,1630169,Tyrese Haliburton,1610612754,Indiana Pacers,2,1,42,Made Shot,Step Back Jump shot,3PT Field Goal,Above the Break 3,Right Side Center(RC),24+ ft.,25,221,127,1,1,20250327,WAS,IND
Shot Chart Detail,0022401061,303,1630169,Tyrese Haliburton,1610612754,Indiana Pacers,2,0,39,Missed Shot,Running Pull-Up Jump Shot,3PT Field Goal,Above the Break 3,Right Side Center(RC),24+ ft.,25,164,191,1,0,20250327,WAS,IND
Shot Chart Detail,0022401061,346,1630169,Tyrese Haliburton,1610612754,Indiana Pacers,3,8,43,Missed Shot,Pullup Jump shot,2PT Field Goal,Mid-Range,Right Side Center(RC),16-24 ft.,19,126,150,1,0,20250327,WAS,IND
Shot Chart Detail,0022401061,367,1630169,Tyrese Haliburton,1610612754,Indiana Pacers,3,6,56,Made Shot,Cutting Layup Shot,2PT Field Goal,Restricted Area,Center(C),Less Than 8 ft.,1,10,5,1,1,20250327,WAS,IND
Shot Chart Detail,0022401061,371,1630169,Tyrese Haliburton,1610612754,Indiana Pacers,3,6,23,Missed Shot,Driving Layup Shot,2PT Field Goal,Restricted Area,Center(C),Less Than 8 ft.,1,12,13,1,0,20250327,WAS,IND
Shot Chart Detail,0022401061,410,1630169,Tyrese Haliburton,1610612754,Indiana Pacers,3,4,21,Made Shot,Pullup Jump shot,3PT Field Goal,Above the Break 3,Center(C),24+ ft.,25,-58,252,1,1,20250327,WAS,IND
Shot Chart Detail,0022401061,416,1630169,Tyrese Haliburton,1610612754,Indiana Pacers,3,3,23,Made Shot,Pullup Jump shot,3PT Field Goal,Above the Break 3,Right Side Center(RC),24+ ft.,29,153,257,1,1,20250327,WAS,IND
Shot Chart Detail,0022401061,427,1630169,Tyrese Haliburton,1610612754,Indiana Pacers,3,2,48,Missed Shot,Driving Layup Shot,2PT Field Goal,Restricted Area,Center(C),Less Than 8 ft.,0,4,8,1,0,20250327,WAS,IND
Shot Chart Detail,0022401079,34,1630169,Tyrese Haliburton,1610612754,Indiana Pacers,1,8,30,Made Shot,Pullup Jump shot,3PT Field Goal,Above the Break 3,Center(C),24+ ft.,27,-5,276,1,1,20250329,OKC,IND
Shot Chart Detail,0022401079,41,1630169,Tyrese Haliburton,1610612754,Indiana Pacers,1,8,9,Made Shot,Jump Shot,3PT Field Goal,Above the Break 3,Left Side Center(LC),24+ ft.,25,-191,173,1,1,20250329,OKC,IND
Shot Chart Detail,0022401079,66,1630169,Tyrese Haliburton,1610612754,Indiana Pacers,1,6,31,Missed Shot,Pullup Jump shot,3PT Field Goal,Above the Break 3,Right Side Center(RC),24+ ft.,28,121,253,1,0,20250329,OKC,IND
Shot Chart Detail,0022401079,82,1630169,Tyrese Haliburton,1610612754,Indiana Pacers,1,5,23,Missed Shot,Pullup Jump shot,3PT Field Goal,Above the Break 3,Left Side Center(LC),24+ ft.,28,-100,271,1,0,20250329,OKC,IND
Shot Chart Detail,0022401079,90,1630169,Tyrese Haliburton,1610612754,Indiana Pacers,1,4,34,Missed Shot,Pullup Jump shot,2PT Field Goal,Mid-Range,Right Side Center(RC),16-24 ft.,22,137,174,1,0,20250329,OKC,IND
Shot Chart Detail,0022401079,133,1630169,Tyrese Haliburton,1610612754,Indiana Pacers,1,2,3,Made Shot,Pullup Jump shot,3PT Field Goal,Above the Break 3,Center(C),24+ ft.,25,17,257,1,1,20250329,OKC,IND
Shot Chart Detail,0022401079,264,1630169,Tyrese Haliburton,1610612754,Indiana Pacers,2,5,6,Missed Shot,Running Pull-Up Jump Shot,3PT Field Goal,Above the Break 3,Center(C),24+ ft.,25,-2,257,1,0,20250329,OKC,IND
Shot Chart Detail,0022401079,303,1630169,Tyrese Haliburton,1610612754,Indiana Pacers,2,2,41,Missed Shot,Step Back Jump shot,3PT Field Goal,Right Corner 3,Right Side(R),24+ ft.,23,229,31,1,0,20250329,OKC,IND
Shot Chart Detail,0022401079,446,1630169,Tyrese Haliburton,1610612754,Indiana Pacers,3,5,34,Made Shot,Driving Layup Shot,2PT Field Goal,Restricted Area,Center(C),Less Than 8 ft.,2,-17,13,1,1,20250329,OKC,IND
Shot Chart Detail,0022401079,451,1630169,Tyrese Haliburton,1610612754,Indiana Pacers,3,5,15,Made Shot,Driving Finger Roll Layup Shot,2PT Field Goal,Restricted Area,Center(C),Less Than 8 ft.,1,9,13,1,1,20250329,OKC,IND
Shot Chart Detail,0022401079,478,1630169,Tyrese Haliburton,1610612754,Indiana Pacers,3,3,26,Made Shot,Pullup Jump shot,3PT Field Goal,Above the Break 3,Right Side Center(RC),24+ ft.,28,127,256,1,1,20250329,OKC,IND
Shot Chart Detail,0022401079,497,1630169,Tyrese Haliburton,1610612754,Indiana Pacers,3,2,11,Missed Shot,Pullup Jump shot,3PT Field Goal,Above the Break 3,Right Side Center(RC),24+ ft.,25,150,207,1,0,20250329,OKC,IND
Shot Chart Detail,0022401090,53,1630169,Tyrese Haliburton,1610612754,Indiana Pacers,1,7,16,Made Shot,Running Pull-Up Jump Shot,3PT Field Goal,Above the Break 3,Right Side Center(RC),24+ ft.,26,157,210,1,1,20250331,IND,SAC
Shot Chart Detail,0022401090,78,1630169,Tyrese Haliburton,1610612754,Indiana Pacers,1,5,34,Missed Shot,Driving Finger Roll Layup Shot,2PT Field Goal,Restricted Area,Center(C),Less Than 8 ft.,2,18,16,1,0,20250331,IND,SAC
Shot Chart Detail,0022401090,112,1630169,Tyrese Haliburton,1610612754,Indiana Pacers,1,3,3,Made Shot,Fadeaway Jump Shot,2PT Field Goal,Mid-Range,Right Side(R),8-16 ft.,14,137,34,1,1,20250331,IND,SAC
Shot Chart Detail,0022401090,238,1630169,Tyrese Haliburton,1610612754,Indiana Pacers,2,4,54,Missed Shot,Pullup Jump shot,2PT Field Goal,In The Paint (Non-RA),Center(C),Less Than 8 ft.,7,-4,75,1,0,20250331,IND,SAC
Shot Chart Detail,0022401090,254,1630169,Tyrese Haliburton,1610612754,Indiana Pacers,2,3,25,Missed Shot,Driving Finger Roll Layup Shot,2PT Field Goal,Restricted Area,Center(C),Less Than 8 ft.,2,23,13,1,0,20250331,IND,SAC
Shot Chart Detail,0022401090,281,1630169,Tyrese Haliburton,1610612754,Indiana Pacers,2,1,41,Missed Shot,Step Back Jump shot,2PT Field Goal,Mid-Range,Right Side Center(RC),16-24 ft.,20,92,183,1,0,20250331,IND,SAC
Shot Chart Detail,0022401090,285,1630169,Tyrese Haliburton,1610612754,Indiana Pacers,2,1,26,Made Shot,Running Layup Shot,2PT Field Goal,Restricted Area,Center(C),Less Than 8 ft.,2,12,17,1,1,20250331,IND,SAC
Shot Chart Detail,0022401090,346,1630169,Tyrese Haliburton,1610612754,Indiana Pacers,3,8,10,Missed Shot,Step Back Jump shot,3PT Field Goal,Right Corner 3,Right Side(R),24+ ft.,23,230,34,1,0,20250331,IND,SAC
Shot Chart Detail,0022401090,545,1630169,Tyrese Haliburton,1610612754,Indiana Pacers,4,5,12,Made Shot,Driving Layup Shot,2PT Field Goal,Restricted Area,Center(C),Less Than 8 ft.,3,-7,31,1,1,20250331,IND,SAC
Shot Chart Detail,0022401090,555,1630169,Tyrese Haliburton,1610612754,Indiana Pacers,4,4,44,Missed Shot,Pullup Jump shot,3PT Field Goal,Above the Break 3,Right Side Center(RC),24+ ft.,26,197,182,1,0,20250331,IND,SAC
Shot Chart Detail,0022401090,562,1630169,Tyrese Haliburton,1610612754,Indiana Pacers,4,4,11,Made Shot,Driving Floating Jump Shot,2PT Field Goal,In The Paint (Non-RA),Center(C),8-16 ft.,9,43,84,1,1,20250331,IND,SAC
Shot Chart Detail,0022401090,581,1630169,Tyrese Haliburton,1610612754,Indiana Pacers,4,2,35,Made Shot,Driving Layup Shot,2PT Field Goal,In The Paint (Non-RA),Center(C),Less Than 8 ft.,5,47,37,1,1,20250331,IND,SAC
Shot Chart Detail,0022401090,590,1630169,Tyrese Haliburton,1610612754,Indiana Pacers,4,1,17,Made Shot,Step Back Jump shot,3PT Field Goal,Above the Break 3,Right Side Center(RC),24+ ft.,25,85,236,1,1,20250331,IND,SAC
Shot Chart Detail,0022401104,49,1630169,Tyrese Haliburton,1610612754,Indiana Pacers,1,7,4,Made Shot,Pullup Jump shot,2PT Field Goal,In The Paint (Non-RA),Center(C),8-16 ft.,12,31,126,1,1,20250402,IND,CHA
Shot Chart Detail,0022401104,52,1630169,Tyrese Haliburton,1610612754,Indiana Pacers,1,6,36,Made Shot,Pullup Jump shot,3PT Field Goal,Above the Break 3,Right Side Center(RC),24+ ft.,26,115,240,1,1,20250402,IND,CHA
Shot Chart Detail,0022401104,78,1630169,Tyrese Haliburton,1610612754,Indiana Pacers,1,5,8,Made Shot,Pullup Jump shot,3PT Field Goal,Above the Break 3,Center(C),24+ ft.,28,-9,288,1,1,20250402,IND,CHA
Shot Chart Detail,0022401104,84,1630169,Tyrese Haliburton,1610612754,Indiana Pacers,1,4,34,Missed Shot,Driving Layup Shot,2PT Field Goal,In The Paint (Non-RA),Center(C),Less Than 8 ft.,6,27,61,1,0,20250402,IND,CHA
Shot Chart Detail,0022401104,253,1630169,Tyrese Haliburton,1610612754,Indiana Pacers,2,6,43,Missed Shot,Step Back Jump shot,3PT Field Goal,Above the Break 3,Left Side Center(LC),24+ ft.,24,-203,142,1,0,20250402,IND,CHA
Shot Chart Detail,0022401104,258,1630169,Tyrese Haliburton,1610612754,Indiana Pacers,2,6,8,Missed Shot,Driving Floating Jump Shot,2PT Field Goal,Mid-Range,Center(C),16-24 ft.,16,-13,162,1,0,20250402,IND,CHA
Shot Chart Detail,0022401104,274,1630169,Tyrese Haliburton,1610612754,Indiana Pacers,2,5,1,Made Shot,Driving Floating Bank Jump Shot,2PT Field Goal,Mid-Range,Right Side(R),8-16 ft.,13,118,63,1,1,20250402,IND,CHA
Shot Chart Detail,0022401104,282,1630169,Tyrese Haliburton,1610612754,Indiana Pacers,2,4,27,Missed Shot,Pullup Jump shot,3PT Field Goal,Above the Break 3,Right Side Center(RC),24+ ft.,25,206,156,1,0,20250402,IND,CHA
Shot Chart Detail,0022401104,297,1630169,Tyrese Haliburton,1610612754,Indiana Pacers,2,3,33,Made Shot,Driving Floating Jump Shot,2PT Field Goal,In The Paint (Non-RA),Left Side(L),8-16 ft.,8,-47,66,1,1,20250402,IND,CHA
Shot Chart Detail,0022401104,316,1630169,Tyrese Haliburton,1610612754,Indiana Pacers,2,1,35,Made Shot,Running Dunk Shot,2PT Field Goal,Restricted Area,Center(C),Less Than 8 ft.,1,0,10,1,1,20250402,IND,CHA
Shot Chart Detail,0022401104,368,1630169,Tyrese Haliburton,1610612754,Indiana Pacers,3,9,29,Missed Shot,Driving Floating Jump Shot,2PT Field Goal,Mid-Range,Left Side(L),8-16 ft.,12,-119,38,1,0,20250402,IND,CHA
Shot Chart Detail,0022401104,395,1630169,Tyrese Haliburton,1610612754,Indiana Pacers,3,6,24,Missed Shot,Step Back Jump shot,2PT Field Goal,Mid-Range,Right Side Center(RC),16-24 ft.,18,141,118,1,0,20250402,IND,CHA
Shot Chart Detail,0022401104,454,1630169,Tyrese Haliburton,1610612754,Indiana Pacers,3,2,37,Made Shot,Jump Shot,3PT Field Goal,Right Corner 3,Right Side(R),24+ ft.,22,225,4,1,1,20250402,IND,CHA
Shot Chart Detail,0022401104,462,1630169,Tyrese Haliburton,1610612754,Indiana Pacers,3,1,46,Made Shot,Driving Layup Shot,2PT Field Goal,Restricted Area,Center(C),Less Than 8 ft.,2,18,21,1,1,20250402,IND,CHA
Shot Chart Detail,0022401104,589,1630169,Tyrese Haliburton,1610612754,Indiana Pacers,4,2,32,Made Shot,Pullup Jump shot,3PT Field Goal,Above the Break 3,Left Side Center(LC),24+ ft.,26,-147,223,1,1,20250402,IND,CHA
Shot Chart Detail,0022401119,9,1630169,Tyrese Haliburton,1610612754,Indiana Pacers,1,11,41,Missed Shot,Pullup Jump shot,3PT Field Goal,Above the Break 3,Center(C),24+ ft.,30,91,290,1,0,20250404,IND,UTA
Shot Chart Detail,0022401119,22,1630169,Tyrese Haliburton,1610612754,Indiana Pacers,1,10,41,Missed Shot,Running Jump Shot,3PT Field Goal,Above the Break 3,Left Side Center(LC),24+ ft.,26,-170,199,1,0,20250404,IND,UTA
Shot Chart Detail,0022401119,74,1630169,Tyrese Haliburton,1610612754,Indiana Pacers,1,5,36,Missed Shot,Driving Finger Roll Layup Shot,2PT Field Goal,In The Paint (Non-RA),Right Side(R),8-16 ft.,9,50,82,1,0,20250404,IND,UTA
Shot Chart Detail,0022401119,113,1630169,Tyrese Haliburton,1610612754,Indiana Pacers,1,3,2,Made Shot,Step Back Jump shot,3PT Field Goal,Above the Break 3,Center(C),24+ ft.,26,54,261,1,1,20250404,IND,UTA
Shot Chart Detail,0022401119,272,1630169,Tyrese Haliburton,1610612754,Indiana Pacers,2,5,12,Missed Shot,Jump Shot,3PT Field Goal,Right Corner 3,Right Side(R),24+ ft.,23,237,11,1,0,20250404,IND,UTA
Shot Chart Detail,0022401119,281,1630169,Tyrese Haliburton,1610612754,Indiana Pacers,2,4,9,Missed Shot,Step Back Jump shot,3PT Field Goal,Above the Break 3,Right Side Center(RC),24+ ft.,27,185,203,1,0,20250404,IND,UTA
Shot Chart Detail,0022401119,310,1630169,Tyrese Haliburton,1610612754,Indiana Pacers,2,2,27,Made Shot,Running Layup Shot,2PT Field Goal,In The Paint (Non-RA),Center(C),Less Than 8 ft.,4,12,45,1,1,20250404,IND,UTA
Shot Chart Detail,0022401119,388,1630169,Tyrese Haliburton,1610612754,Indiana Pacers,3,10,16,Made Shot,Driving Finger Roll Layup Shot,2PT Field Goal,In The Paint (Non-RA),Center(C),Less Than 8 ft.,5,-11,54,1,1,20250404,IND,UTA
Shot Chart Detail,0022401119,391,1630169,Tyrese Haliburton,1610612754,Indiana Pacers,3,9,42,Missed Shot,Driving Floating Jump Shot,2PT Field Goal,In The Paint (Non-RA),Center(C),Less Than 8 ft.,6,-48,49,1,0,20250404,IND,UTA
Shot Chart Detail,0022401119,393,1630169,Tyrese Haliburton,1610612754,Indiana Pacers,3,9,40,Made Shot,Tip Layup Shot,2PT Field Goal,Restricted Area,Center(C),Less Than 8 ft.,2,-22,10,1,1,20250404,IND,UTA
Shot Chart Detail,0022401119,452,1630169,Tyrese Haliburton,1610612754,Indiana Pacers,3,5,30,Made Shot,Tip Layup Shot,2PT Field Goal,Restricted Area,Center(C),Less Than 8 ft.,2,-27,12,1,1,20250404,IND,UTA
Shot Chart Detail,0022401119,511,1630169,Tyrese Haliburton,1610612754,Indiana Pacers,3,2,6,Made Shot,Running Jump Shot,3PT Field Goal,Above the Break 3,Left Side Center(LC),24+ ft.,26,-178,190,1,1,20250404,IND,UTA
Shot Chart Detail,0022401119,528,1630169,Tyrese Haliburton,1610612754,Indiana Pacers,3,0,27,Made Shot,Turnaround Jump Shot,2PT Field Goal,Mid-Range,Center(C),8-16 ft.,15,50,144,1,1,20250404,IND,UTA
Shot Chart Detail,0022401142,349,1630169,Tyrese Haliburton,1610612754,Indiana Pacers,2,0,0,Missed Shot,Jump Shot,3PT Field Goal,Backcourt,Back Court(BC),Back Court Shot,54,-176,519,1,0,20250406,DEN,IND
Shot Chart Detail,0022401142,407,1630169,Tyrese Haliburton,1610612754,Indiana Pacers,3,6,37,Missed Shot,Step Back Jump shot,3PT Field Goal,Above the Break 3,Left Side Center(LC),24+ ft.,25,-120,230,1,0,20250406,DEN,IND
Shot Chart Detail,0022401142,437,1630169,Tyrese Haliburton,1610612754,Indiana Pacers,3,4,15,Missed Shot,Pullup Jump shot,3PT Field Goal,Above the Break 3,Right Side Center(RC),24+ ft.,26,103,240,1,0,20250406,DEN,IND
Shot Chart Detail,0022401142,449,1630169,Tyrese Haliburton,1610612754,Indiana Pacers,3,3,43,Made Shot,Jump Shot,3PT Field Goal,Above the Break 3,Center(C),24+ ft.,26,-6,262,1,1,20250406,DEN,IND
Shot Chart Detail,0022401142,480,1630169,Tyrese Haliburton,1610612754,Indiana Pacers,3,0,32,Made Shot,Fadeaway Bank shot,2PT Field Goal,Mid-Range,Left Side(L),8-16 ft.,11,-92,71,1,1,20250406,DEN,IND
Shot Chart Detail,0022401142,486,1630169,Tyrese Haliburton,1610612754,Indiana Pacers,3,0,6,Made Shot,Driving Floating Jump Shot,2PT Field Goal,In The Paint (Non-RA),Center(C),8-16 ft.,8,26,83,1,1,20250406,DEN,IND
Shot Chart Detail,0022401142,617,1630169,Tyrese Haliburton,1610612754,Indiana Pacers,4,3,25,Missed Shot,Step Back Jump shot,3PT Field Goal,Above the Break 3,Right Side Center(RC),24+ ft.,29,159,247,1,0,20250406,DEN,IND
Shot Chart Detail,0022401142,650,1630169,Tyrese Haliburton,1610612754,Indiana Pacers,4,0,47,Missed Shot,Pullup Jump shot,3PT Field Goal,Above the Break 3,Right Side Center(RC),24+ ft.,25,161,201,1,0,20250406,DEN,IND
Shot Chart Detail,0022401148,115,1630169,Tyrese Haliburton,1610612754,Indiana Pacers,1,2,56,Missed Shot,Driving Floating Jump Shot,2PT Field Goal,In The Paint (Non-RA),Center(C),Less Than 8 ft.,7,75,2,1,0,20250408,IND,WAS
Shot Chart Detail,0022401148,302,1630169,Tyrese Haliburton,1610612754,Indiana Pacers,2,3,31,Missed Shot,Driving Layup Shot,2PT Field Goal,Restricted Area,Center(C),Less Than 8 ft.,1,4,-13,1,0,20250408,IND,WAS
Shot Chart Detail,0022401148,322,1630169,Tyrese Haliburton,1610612754,Indiana Pacers,2,1,57,Missed Shot,Jump Shot,3PT Field Goal,Above the Break 3,Right Side Center(RC),24+ ft.,28,102,264,1,0,20250408,IND,WAS
Shot Chart Detail,0022401148,349,1630169,Tyrese Haliburton,1610612754,Indiana Pacers,2,0,0,Made Shot,Driving Floating Bank Jump Shot,2PT Field Goal,In The Paint (Non-RA),Center(C),Less Than 8 ft.,6,13,59,1,1,20250408,IND,WAS
Shot Chart Detail,0022401148,374,1630169,Tyrese Haliburton,1610612754,Indiana Pacers,3,9,26,Missed Shot,Pullup Jump shot,3PT Field Goal,Above the Break 3,Center(C),24+ ft.,28,20,281,1,0,20250408,IND,WAS
Shot Chart Detail,0022401148,440,1630169,Tyrese Haliburton,1610612754,Indiana Pacers,3,4,36,Made Shot,Step Back Jump shot,3PT Field Goal,Right Corner 3,Right Side(R),24+ ft.,24,244,31,1,1,20250408,IND,WAS
Shot Chart Detail,0022401148,443,1630169,Tyrese Haliburton,1610612754,Indiana Pacers,3,4,2,Missed Shot,Jump Shot,3PT Field Goal,Above the Break 3,Center(C),24+ ft.,28,-42,282,1,0,20250408,IND,WAS
Shot Chart Detail,0022401148,462,1630169,Tyrese Haliburton,1610612754,Indiana Pacers,3,2,44,Made Shot,Driving Layup Shot,2PT Field Goal,Restricted Area,Center(C),Less Than 8 ft.,1,5,15,1,1,20250408,IND,WAS
Shot Chart Detail,0022401148,580,1630169,Tyrese Haliburton,1610612754,Indiana Pacers,4,5,56,Made Shot,Pullup Jump shot,3PT Field Goal,Above the Break 3,Center(C),24+ ft.,28,0,283,1,1,20250408,IND,WAS
Shot Chart Detail,0022401148,593,1630169,Tyrese Haliburton,1610612754,Indiana Pacers,4,4,23,Missed Shot,Pullup Jump shot,3PT Field Goal,Above the Break 3,Right Side Center(RC),24+ ft.,28,110,264,1,0,20250408,IND,WAS
Shot Chart Detail,0022401148,597,1630169,Tyrese Haliburton,1610612754,Indiana Pacers,4,4,6,Made Shot,Pullup Jump shot,3PT Field Goal,Above the Break 3,Left Side Center(LC),24+ ft.,26,-87,255,1,1,20250408,IND,WAS
Shot Chart Detail,0022401168,7,1630169,Tyrese Haliburton,1610612754,Indiana Pacers,1,11,45,Made Shot,Pullup Jump shot,3PT Field Goal,Above the Break 3,Right Side Center(RC),24+ ft.,29,185,230,1,1,20250410,IND,CLE
Shot Chart Detail,0022401168,23,1630169,Tyrese Haliburton,1610612754,Indiana Pacers,1,10,31,Missed Shot,Jump Shot,3PT Field Goal,Above the Break 3,Center(C),24+ ft.,31,-13,318,1,0,20250410,IND,CLE
Shot Chart Detail,0022401168,88,1630169,Tyrese Haliburton,1610612754,Indiana Pacers,1,5,41,Missed Shot,Pullup Jump shot,3PT Field Goal,Above the Break 3,Right Side Center(RC),24+ ft.,27,110,248,1,0,20250410,IND,CLE
Shot Chart Detail,0022401168,141,1630169,Tyrese Haliburton,1610612754,Indiana Pacers,1,2,27,Missed Shot,Step Back Jump shot,3PT Field Goal,Above the Break 3,Right Side Center(RC),24+ ft.,23,184,152,1,0,20250410,IND,CLE
Shot Chart Detail,0022401168,304,1630169,Tyrese Haliburton,1610612754,Indiana Pacers,2,1,33,Made Shot,Pullup Jump shot,2PT Field Goal,Mid-Range,Right Side Center(RC),16-24 ft.,16,88,140,1,1,20250410,IND,CLE
Shot Chart Detail,0022401168,348,1630169,Tyrese Haliburton,1610612754,Indiana Pacers,3,9,59,Made Shot,Driving Finger Roll Layup Shot,2PT Field Goal,Restricted Area,Center(C),Less Than 8 ft.,2,20,0,1,1,20250410,IND,CLE
Shot Chart Detail,0022401168,364,1630169,Tyrese Haliburton,1610612754,Indiana Pacers,3,8,23,Made Shot,Step Back Jump shot,2PT Field Goal,Mid-Range,Center(C),16-24 ft.,18,0,186,1,1,20250410,IND,CLE
Shot Chart Detail,0022401168,407,1630169,Tyrese Haliburton,1610612754,Indiana Pacers,3,5,4,Missed Shot,Jump Shot,3PT Field Goal,Above the Break 3,Right Side Center(RC),24+ ft.,27,199,191,1,0,20250410,IND,CLE
Shot Chart Detail,0022401168,412,1630169,Tyrese Haliburton,1610612754,Indiana Pacers,3,4,28,Made Shot,Step Back Jump shot,3PT Field Goal,Left Corner 3,Left Side(L),24+ ft.,22,-229,6,1,1,20250410,IND,CLE
Shot Chart Detail,0022401168,472,1630169,Tyrese Haliburton,1610612754,Indiana Pacers,3,0,6,Missed Shot,Pullup Jump shot,3PT Field Goal,Above the Break 3,Right Side Center(RC),24+ ft.,24,222,111,1,0,20250410,IND,CLE
Shot Chart Detail,0022401168,573,1630169,Tyrese Haliburton,1610612754,Indiana Pacers,4,4,36,Missed Shot,Driving Finger Roll Layup Shot,2PT Field Goal,Restricted Area,Center(C),Less Than 8 ft.,1,9,12,1,0,20250410,IND,CLE
Shot Chart Detail,0022401168,577,1630169,Tyrese Haliburton,1610612754,Indiana Pacers,4,4,11,Made Shot,Driving Finger Roll Layup Shot,2PT Field Goal,Restricted Area,Center(C),Less Than 8 ft.,2,-13,17,1,1,20250410,IND,CLE
Shot Chart Detail,0022401168,587,1630169,Tyrese Haliburton,1610612754,Indiana Pacers,4,3,40,Made Shot,Running Jump Shot,3PT Field Goal,Above the Break 3,Right Side Center(RC),24+ ft.,26,148,220,1,1,20250410,IND,CLE
Shot Chart Detail,0022401168,593,1630169,Tyrese Haliburton,1610612754,Indiana Pacers,4,3,8,Made Shot,Pullup Jump shot,3PT Field Goal,Above the Break 3,Center(C),24+ ft.,25,-55,251,1,1,20250410,IND,CLE
Shot Chart Detail,0022401168,598,1630169,Tyrese Haliburton,1610612754,Indiana Pacers,4,2,29,Missed Shot,Pullup Jump shot,3PT Field Goal,Above the Break 3,Center(C),24+ ft.,29,-6,295,1,0,20250410,IND,CLE
Shot Chart Detail,0022401168,634,1630169,Tyrese Haliburton,1610612754,Indiana Pacers,4,0,14,Missed Shot,Jump Shot,3PT Field Goal,Above the Break 3,Right Side Center(RC),24+ ft.,26,175,204,1,0,20250410,IND,CLE
Shot Chart Detail,0022401209,49,1630169,Tyrese Haliburton,1610612754,Indiana Pacers,1,6,51,Missed Shot,Fadeaway Jump Shot,2PT Field Goal,Mid-Range,Right Side(R),16-24 ft.,16,157,63,1,0,20241213,PHI,IND
Shot Chart Detail,0022401209,51,1630169,Tyrese Haliburton,1610612754,Indiana Pacers,1,6,43,Made Shot,Pullup Jump shot,3PT Field Goal,Left Corner 3,Left Side(L),24+ ft.,22,-223,-21,1,1,20241213,PHI,IND
Shot Chart Detail,0022401209,55,1630169,Tyrese Haliburton,1610612754,Indiana Pacers,1,6,25,Made Shot,Running Pull-Up Jump Shot,3PT Field Goal,Above the Break 3,Right Side Center(RC),24+ ft.,27,168,218,1,1,20241213,PHI,IND
Shot Chart Detail,0022401209,61,1630169,Tyrese Haliburton,1610612754,Indiana Pacers,1,5,54,Missed Shot,Step Back Jump shot,3PT Field Goal,Left Corner 3,Left Side(L),24+ ft.,24,-237,64,1,0,20241213,PHI,IND
Shot Chart Detail,0022401209,90,1630169,Tyrese Haliburton,1610612754,Indiana Pacers,1,4,20,Missed Shot,Pullup Jump shot,3PT Field Goal,Above the Break 3,Left Side Center(LC),24+ ft.,24,-152,192,1,0,20241213,PHI,IND
Shot Chart Detail,0022401209,103,1630169,Tyrese Haliburton,1610612754,Indiana Pacers,1,3,12,Made Shot,Step Back Jump shot,3PT Field Goal,Above the Break 3,Right Side Center(RC),24+ ft.,26,103,247,1,1,20241213,PHI,IND
Shot Chart Detail,0022401209,119,1630169,Tyrese Haliburton,1610612754,Indiana Pacers,1,1,45,Made Shot,Step Back Jump shot,3PT Field Goal,Above the Break 3,Right Side Center(RC),24+ ft.,26,141,220,1,1,20241213,PHI,IND
Shot Chart Detail,0022401209,121,1630169,Tyrese Haliburton,1610612754,Indiana Pacers,1,1,26,Missed Shot,Pullup Jump shot,3PT Field Goal,Above the Break 3,Right Side Center(RC),24+ ft.,26,136,227,1,0,20241213,PHI,IND
Shot Chart Detail,0022401209,226,1630169,Tyrese Haliburton,1610612754,Indiana Pacers,2,7,28,Missed Shot,Jump Shot,3PT Field Goal,Above the Break 3,Left Side Center(LC),24+ ft.,25,-179,187,1,0,20241213,PHI,IND
Shot Chart Detail,0022401209,238,1630169,Tyrese Haliburton,1610612754,Indiana Pacers,2,6,30,Missed Shot,Driving Floating Jump Shot,2PT Field Goal,In The Paint (Non-RA),Center(C),Less Than 8 ft.,7,42,66,1,0,20241213,PHI,IND
Shot Chart Detail,0022401209,263,1630169,Tyrese Haliburton,1610612754,Indiana Pacers,2,5,7,Made Shot,Driving Finger Roll Layup Shot,2PT Field Goal,Restricted Area,Center(C),Less Than 8 ft.,3,33,3,1,1,20241213,PHI,IND
Shot Chart Detail,0022401209,302,1630169,Tyrese Haliburton,1610612754,Indiana Pacers,2,1,42,Made Shot,Turnaround Jump Shot,2PT Field Goal,Mid-Range,Right Side Center(RC),16-24 ft.,19,157,122,1,1,20241213,PHI,IND
Shot Chart Detail,0022401209,310,1630169,Tyrese Haliburton,1610612754,Indiana Pacers,2,1,5,Made Shot,Jump Shot,3PT Field Goal,Above the Break 3,Center(C),24+ ft.,26,26,262,1,1,20241213,PHI,IND
Shot Chart Detail,0022401209,314,1630169,Tyrese Haliburton,1610612754,Indiana Pacers,2,0,38,Missed Shot,Jump Shot,3PT Field Goal,Above the Break 3,Right Side Center(RC),24+ ft.,30,195,240,1,0,20241213,PHI,IND
Shot Chart Detail,0022401209,317,1630169,Tyrese Haliburton,1610612754,Indiana Pacers,2,0,15,Missed Shot,Driving Floating Bank Jump Shot,2PT Field Goal,In The Paint (Non-RA),Center(C),Less Than 8 ft.,4,-43,9,1,0,20241213,PHI,IND
Shot Chart Detail,0022401209,347,1630169,Tyrese Haliburton,1610612754,Indiana Pacers,3,10,7,Made Shot,Driving Hook Shot,2PT Field Goal,Restricted Area,Center(C),Less Than 8 ft.,2,-1,27,1,1,20241213,PHI,IND
Shot Chart Detail,0022401209,393,1630169,Tyrese Haliburton,1610612754,Indiana Pacers,3,6,50,Made Shot,Running Jump Shot,3PT Field Goal,Right Corner 3,Right Side(R),24+ ft.,22,227,-14,1,1,20241213,PHI,IND
Shot Chart Detail,0022401209,425,1630169,Tyrese Haliburton,1610612754,Indiana Pacers,3,4,44,Made Shot,Jump Shot,3PT Field Goal,Above the Break 3,Left Side Center(LC),24+ ft.,26,-190,186,1,1,20241213,PHI,IND
Shot Chart Detail,0022401209,443,1630169,Tyrese Haliburton,1610612754,Indiana Pacers,3,3,33,Missed Shot,Jump Shot,3PT Field Goal,Above the Break 3,Left Side Center(LC),24+ ft.,29,-203,218,1,0,20241213,PHI,IND
Shot Chart Detail,0022401209,447,1630169,Tyrese Haliburton,1610612754,Indiana Pacers,3,3,0,Made Shot,Driving Layup Shot,2PT Field Goal,Restricted Area,Center(C),Less Than 8 ft.,2,-17,23,1,1,20241213,PHI,IND
Shot Chart Detail,0022401209,474,1630169,Tyrese Haliburton,1610612754,Indiana Pacers,3,1,35,Missed Shot,Running Pull-Up Jump Shot,3PT Field Goal,Above the Break 3,Right Side Center(RC),24+ ft.,26,152,223,1,0,20241213,PHI,IND
Shot Chart Detail,0022401209,477,1630169,Tyrese Haliburton,1610612754,Indiana Pacers,3,1,12,Missed Shot,Pullup Jump shot,3PT Field Goal,Above the Break 3,Right Side Center(RC),24+ ft.,26,167,210,1,0,20241213,PHI,IND
Shot Chart Detail,0022401209,613,1630169,Tyrese Haliburton,1610612754,Indiana Pacers,4,2,54,Made Shot,Driving Floating Jump Shot,2PT Field Goal,In The Paint (Non-RA),Center(C),8-16 ft.,10,17,101,1,1,20241213,PHI,IND
Shot Chart Detail,0022401216,16,1630169,Tyrese Haliburton,1610612754,Indiana Pacers,1,10,4,Missed Shot,Pullup Jump shot,3PT Field Goal,Above the Break 3,Center(C),24+ ft.,25,0,252,1,0,20241215,IND,NOP
Shot Chart Detail,0022401216,125,1630169,Tyrese Haliburton,1610612754,Indiana Pacers,1,2,38,Made Shot,Running Jump Shot,3PT Field Goal,Above the Break 3,Right Side Center(RC),24+ ft.,24,219,117,1,1,20241215,IND,NOP
Shot Chart Detail,0022401216,145,1630169,Tyrese Haliburton,1610612754,Indiana Pacers,1,1,2,Made Shot,Running Jump Shot,3PT Field Goal,Above the Break 3,Right Side Center(RC),24+ ft.,25,143,213,1,1,20241215,IND,NOP
Shot Chart Detail,0022401216,286,1630169,Tyrese Haliburton,1610612754,Indiana Pacers,2,4,5,Made Shot,Jump Shot,3PT Field Goal,Above the Break 3,Right Side Center(RC),24+ ft.,26,180,190,1,1,20241215,IND,NOP
Shot Chart Detail,0022401216,299,1630169,Tyrese Haliburton,1610612754,Indiana Pacers,2,2,52,Missed Shot,Jump Shot,3PT Field Goal,Above the Break 3,Right Side Center(RC),24+ ft.,29,163,243,1,0,20241215,IND,NOP
Shot Chart Detail,0022401216,351,1630169,Tyrese Haliburton,1610612754,Indiana Pacers,2,0,0,Missed Shot,Pullup Jump shot,3PT Field Goal,Above the Break 3,Center(C),24+ ft.,36,81,360,1,0,20241215,IND,NOP
Shot Chart Detail,0022401216,382,1630169,Tyrese Haliburton,1610612754,Indiana Pacers,3,9,0,Missed Shot,Driving Floating Jump Shot,2PT Field Goal,In The Paint (Non-RA),Left Side(L),8-16 ft.,8,-53,67,1,0,20241215,IND,NOP
Shot Chart Detail,0022401216,390,1630169,Tyrese Haliburton,1610612754,Indiana Pacers,3,8,38,Made Shot,Jump Shot,3PT Field Goal,Above the Break 3,Right Side Center(RC),24+ ft.,24,224,95,1,1,20241215,IND,NOP
Shot Chart Detail,0022401216,394,1630169,Tyrese Haliburton,1610612754,Indiana Pacers,3,8,23,Made Shot,Running Reverse Dunk Shot,2PT Field Goal,Restricted Area,Center(C),Less Than 8 ft.,1,-7,10,1,1,20241215,IND,NOP
Shot Chart Detail,0022401216,397,1630169,Tyrese Haliburton,1610612754,Indiana Pacers,3,8,11,Made Shot,Running Finger Roll Layup Shot,2PT Field Goal,In The Paint (Non-RA),Center(C),Less Than 8 ft.,4,-18,37,1,1,20241215,IND,NOP
Shot Chart Detail,0022401216,463,1630169,Tyrese Haliburton,1610612754,Indiana Pacers,3,3,43,Missed Shot,Pullup Jump shot,2PT Field Goal,Mid-Range,Right Side Center(RC),16-24 ft.,21,70,200,1,0,20241215,IND,NOP
Shot Chart Detail,0022401216,503,1630169,Tyrese Haliburton,1610612754,Indiana Pacers,3,1,18,Missed Shot,Step Back Jump shot,3PT Field Goal,Right Corner 3,Right Side(R),24+ ft.,23,230,4,1,0,20241215,IND,NOP
Shot Chart Detail,0022401216,653,1630169,Tyrese Haliburton,1610612754,Indiana Pacers,4,2,45,Missed Shot,Driving Floating Jump Shot,2PT Field Goal,In The Paint (Non-RA),Center(C),8-16 ft.,13,-5,130,1,0,20241215,IND,NOP
Shot Chart Detail,0022401216,679,1630169,Tyrese Haliburton,1610612754,Indiana Pacers,4,0,10,Missed Shot,Pullup Jump shot,2PT Field Goal,Mid-Range,Right Side(R),16-24 ft.,17,173,21,1,0,20241215,IND,NOP
